id,english,french,arabic,fr_ok,ar_ok
N360066,"Product descriptions and photos were submitted for our review. The item concerned is referred to as a Pom Pom Launcher, SKU #44589501. It is a cat toy consisting of a molded polypropylene (PP) plastic launcher shaped like a gun and fifty pom pom balls. The PP plastic launcher measures approximately 13 centimeters (cm) long by 8.5 cm high by 4.5 cm wide. The polyester pom pom measures a diameter of approximately 2.7 cm. Per your correspondence, the PP plastic gun uses a metal spring-loaded piston to launch the pompom. The pom poms are made of 100 percent polyester and are available in red, yellow, green, and white. The PP plastic launcher and the pom poms are packaged together in a retail box. The product is designed for domestic cats and will be marketed and sold as a cat toy.","Les descriptions de produits et les photographies ont été soumises à notre examen. L'article en question est désigné sous le nom de « Lanceur de pompons », référence SKU n° 44589501. Il s'agit d'un jouet pour chat composé d'un lanceur en plastique polypropylène (PP) moulé, de forme similaire à une arme à feu, et de cinquante boules de pompons. Le lanceur en plastique PP mesure environ 13 centimètres (cm) de longueur, 8,5 cm de hauteur et 4,5 cm de largeur. Les pompons en polyester ont un diamètre d'environ 2,7 cm. Conformément à votre correspondance, le lanceur en plastique PP utilise un piston à ressort métallique pour projeter les pompons. Les pompons sont fabriqués à 100 % en polyester et sont disponibles en rouge, jaune, vert et blanc. Le lanceur en plastique PP et les pompons sont emballés ensemble dans une boîte de vente au détail. Le produit est conçu pour les chats domestiques et sera commercialisé et vendu comme jouet pour chat.","تم تقديم أوصاف المنتج والصور لمراجعتنا. يُشار إلى المنتج المعني باسم ""مدفع كرات الشعر"" (Pom Pom Launcher)، برمز SKU #44589501. وهو لعبة قطط تتكون من مدفع مصنوع من بلاستيك البولي بروبيلين (PP) المصبوب على شكل مسدس، وخمسين كرة شعر (Pom Pom). يبلغ طول مدفع البلاستيك PP حوالي 13 سنتيمتراً (سم)، وارتفاعه 8.5 سم، وعرضه 4.5 سم. يبلغ قطر كرة الشعر المصنوعة من البوليستر حوالي 2.7 سم. وفقاً لمراسلاتكم، يستخدم مسدس البلاستيك PP مكبساً معدنياً يعمل بالزنبرك لإطلاق كرة الشعر. وتُصنع كرات الشعر من البوليستر بنسبة 100%، وهي متوفرة باللون الأحمر والأصفر والأخضر والأبيض. يتم تغليف مدفع البلاستيك PP وكرات الشعر معاً في علبة تجزئة. صُمم المنتج للقطط المنزلية وسيتم تسويقه وبيعه كلعبة قطط.",,
N357009,"You provided technical information with the request. The items under consideration are “Alpha Steel” non-locking carabiners which are designed and marketed for rock climbing, mountaineering, and recreational climbing applications. You state that the design reduces overall weight, prevents gate flutter under load, and facilitates smooth interaction with other equipment. In addition, the carabiners feature a recessed “shrouded nose” which helps prevent snagging and reduces the likelihood of accidental gate opening during use. The carabiners primarily consist of hot-forged carbon steel and a non-locking aluminum alloy snap gate. They also include a plastic nylon spring pusher, a steel compression spring, a steel headed rivet, and a steel captive bar (if applicable). As described, the carabiners measure 62 millimeters in width by 107 millimeters in length, weigh 134 grams, and feature a strength rating of 26 kilonewtons.","Vous avez fourni des informations techniques avec la demande. Les articles en considération sont des mousquetons non verrouillables « Alpha Steel » conçus et commercialisés pour l’escalade en rocher, l’alpinisme et les applications d’escalade récréative. Vous indiquez que la conception réduit le poids global, empêche le battement de la porte sous charge et facilite une interaction fluide avec les autres équipements. De plus, les mousquetons présentent un « nez encoché » qui aide à prévenir les accrochages et réduit la probabilité d’ouverture accidentelle de la porte pendant l’utilisation. Les mousquetons sont principalement constitués d’acier au carbone forgé à chaud et d’une porte à cliquet en alliage d’aluminium non verrouillable. Ils comprennent également un poussoir à ressort en nylon plastique, un ressort de compression en acier, un rivet à tête en acier et une barre captive en acier (le cas échéant). Comme décrit, les mousquetons mesurent 62 millimètres de largeur sur 107 millimètres de longueur, pèsent 134 grammes et présentent une résistance de 26 kilonewtons.","لقد قمت بتوفير معلومات تقنية مع الطلب. العناصر قيد النظر هي ""ألفا ستيل"" من الأقفال غير القابلة للقفل، المصممة والتسويقية لتطبيقات تسلق الصخور، وتسلق الجبال، والتسلق الترفيهي. توضح أن التصميم يقلل الوزن الإجمالي، ويمنع اهتزاز الباب تحت الحمل، ويسهل التفاعل السلس مع المعدات الأخرى. بالإضافة إلى ذلك، تتميز الأقفال بأنف ""مغلف"" منخفض يساعد على منع التشابك ويقلل من احتمالية فتح الباب عن طريق الخطأ أثناء الاستخدام. تتكون الأقفال بشكل رئيسي من فولاذ كربوني مصبوب على الساخن وباب قفص من سبيكة الألومنيوم غير القابلة للقفل. كما تتضمن دافعة نابض من نايلون بلاستيكي، ونابض ضغط من الفولاذ، ومسمار برأس فولاذي، وقضيب فولاذي محبوس (إذا كان ذلك منطبقاً). كما هو موضح، تبلغ أبعاد الأقفال 62 ملليمتراً في العرض و107 ملليمترات في الطول، وتزن 134 غراماً، وتتميز بتقييم قوة يبلغ 26 كيلونيوتن.",,
N359426,"Dasatinib, imported in 20 mg, 50 mg, 70 mg, 80 mg, 100 mg, and 140 mg tablets, is in a class of medications called antineoplastic tyrosine kinase inhibitors. It is indicated for the treatment of Philadelphia chromosome-positive acute lymphoblastic leukemia or chronic myeloid leukemia.","Dasatinib, importé sous forme de comprimés de 20 mg, 50 mg, 70 mg, 80 mg, 100 mg et 140 mg, appartient à une classe de médicaments appelés inhibiteurs de la tyrosine kinase antinéoplasiques. Il est indiqué dans le traitement de la leucémie lymphoblastique aiguë ou de la leucémie myéloïde chronique positives pour le chromosome Philadelphie.",داستينيب، المستورد على شكل أقراص بجرعات 20 ملغ و50 ملغ و70 ملغ و80 ملغ و100 ملغ و140 ملغ، ينتمي إلى فئة من الأدوية تسمى مثبطات كيناز التايروزين المضادة للأورام. وهو مُشار إلى استخدامه في علاج سرطان الدم اللمفاوي الحاد أو سرطان الدم المييلوي المزمن الموجب للكروموسوم فيلادلفيا.,,
N357738,"Photographs and a description of a polyvinyl chloride (PVC) yoga mat, item number YS-STICKY-6MM-SG, was submitted with your inquiry. It measures approximately 72” x 24” and is 0.25” thick. A yoga mat provides a non-slip cushioned surface for practicing yoga and other floor-based exercises. The item delivers stability for poses and hygienic protection by separating the practitioner from the floor.","Des photographies et une description d'un tapis de yoga en chlorure de polyvinyle (PVC), numéro d'article YS-STICKY-6MM-SG, ont été soumises avec votre demande. Il mesure environ 72 pouces x 24 pouces et a une épaisseur de 0,25 pouce. Un tapis de yoga offre une surface amortie antidérapante pour la pratique du yoga et d'autres exercices au sol. L'article assure la stabilité des postures et une protection hygiénique en séparant le pratiquant du sol.",تم تقديم صور ووصف لفرشة يوغا مصنوعة من كلوريد البولي فينيل (PVC)، برقم الصنف YS-STICKY-6MM-SG، مع استفسارك. تبلغ أبعادها تقريباً 72 بوصة × 24 بوصة، وسمكها 0.25 بوصة. توفر فرشة اليوغا سطحاً مبطناً مانعاً للانزلاق لممارسة اليوغا وتمارين الأرضية الأخرى. كما تمنح الفرشة ثباتاً للوضعيات وحماية صحية عن طريق فصل الممارس عن الأرض.,,
N362388,"A sample of the product was provided to this office and will be retained for training purposes. The subject merchandise, identified as the “Ladder Lace Cotton Sheet Set,” consists of a flat sheet, a fitted sheet, one or two pillowcases, and a self-fabric bag that serves as the retail packaging. You state that the style number has not yet been assigned to the set. All items within the set are constructed from 100 percent cotton, dyed, woven fabric that is neither printed nor napped. The open end of the pillowcases and the top edge of the flat sheet include a 1 ¼-inch-wide self-fabric cuff. A ladder-like openwork narrow polyester fabric which you describe as embroidery without visible ground is inserted between the body and the cuff of the pillowcases and flat sheet. The approximate width of the polyester insertion is 2/5 inch. The flat sheet is hemmed on the sides and bottom. The fitted sheet features a fully elasticized edge and does not contain any embroidery, lace, braid, edging, trimming, piping, or applique work. The sheet sets will be imported in Twin (includes one standard pillowcase), Full and Queen (include two standard pillowcases), and King sizes (includes two king pillowcases).","Un échantillon du produit a été fourni à ce bureau et sera conservé à des fins de formation. La marchandise en question, identifiée comme « Ensemble de draps en coton à dentelle en échelle », se compose d'un drap-housse, d'un drap-plateau, d'une ou deux taies d'oreiller et d'un sac en tissu assorti servant d'emballage de détail. Vous indiquez que le numéro de style n'a pas encore été attribué à l'ensemble. Tous les articles de l'ensemble sont confectionnés en tissu de coton à 100 %, teint, tissé, non imprimé et non peluché. L'extrémité ouverte des taies d'oreiller et le bord supérieur du drap-plateau comportent un revers en tissu assorti d'une largeur de 1 ¼ pouce. Un tissu étroit en polyester à motif ouvert en forme d'échelle, que vous décrivez comme une broderie sans fond visible, est inséré entre le corps et le revers des taies d'oreiller et du drap-plateau. La largeur approximative de l'insertion en polyester est de 2/5 de pouce. Le drap-plateau est ourlé sur les côtés et en bas. Le drap-housse présente un bord entièrement élastiqué et ne contient aucune broderie, dentelle, tresse, passepoil, garniture, cordon ou travail d'appliqué. Les ensembles de draps seront importés en tailles Twin (comprend une taie d'oreiller standard), Full et Queen (comprennent deux taies d'oreiller standard) et King (comprend deux taies d'oreiller King).","تم تقديم عينة من المنتج إلى هذا المكتب وسيتم الاحتفاظ بها لأغراض التدريب. يتكون البضاعة المعنية، المعروفة باسم ""طقم أغطية السرير القطني بنقش الدرابزين""، من غطاء سرير مسطح، وغطاء سرير مبطّن، وواحد أو غطاءَي وسادة، وكيس من نفس القماش يخدم كعبوة تجزئة. توضحون أن رقم الطراز لم يُسند بعد إلى الطقم. جميع العناصر داخل الطقم مصنوعة من قماش قطني بنسبة 100%، مصبوغ ومنسوج، وليس مطبوعًا ولا مبطّنًا. تتضمن الطرف المفتوح لغطاءات الوسادة والحافة العلوية لغطاء السرير المسطح كُمًّا من نفس القماش بعرض 1 ¼ بوصة. يُدرج بين جسم غطاءات الوسادة وغطاء السرير المسطح وكُميهما قماش بوليستر ضيق مفتوح بنمط يشبه الدرابزين، والذي تصفونه بأنه تطريز بدون أرضية ظاهرة. يبلغ عرض إدراج البوليستر تقريبًا 2/5 بوصة. يتم خياطة حواف غطاء السرير المسطح على الجانبين والقاع. يتميز غطاء السرير المبطّن بحافة مطاطية بالكامل ولا يحتوي على أي تطريز أو درابزين أو حياكة أو حواف أو زخارف أو حشوات أو تطريقات. سيتم استيراد أطقم الأغطية بأحجام توين (يتضمن غطاء وسادة قياسًا قياسيًا واحدًا)، وفول وكوين (تتضمن غطاءَي وسادة قياسيين)، وكينغ (يتضمن غطاءَي وسادة قياس كينغ).",,
N361194,"The product under consideration is a rubber conveyor belt. The belt consists of multiple layers, including arubber top cover, reinforcement layers of 1-8 plies of polyester and nylon textile materials and a rubberbottom cover. The rubber layers are composed of a mixture of natural and synthetic rubber. The belts come inwidth ranges of 300 mm to 3000 mm and thicknesses of 5 mm to 25 mm. The product will be imported inrolls with lengths determined by customer requirements.","Le produit en question est une courroie de transport en caoutchouc. La courroie est constituée de plusieurs couches, notamment d'une couverture supérieure en caoutchouc, de couches de renfort composées de 1 à 8 plis de matériaux textiles en polyester et en nylon, et d'une couverture inférieure en caoutchouc. Les couches en caoutchouc sont composées d'un mélange de caoutchouc naturel et synthétique. Les courroies sont disponibles dans des largeurs comprises entre 300 mm et 3000 mm et des épaisseurs de 5 mm à 25 mm. Le produit sera importé en rouleaux, dont les longueurs seront déterminées selon les exigences du client.",المنتج قيد النظر هو حزام ناقل مطاطي. يتكون الحزام من عدة طبقات، بما في ذلك غطاء علوي مطاطي، وطبقات تعزيز من 1 إلى 8 طبقات من مواد النسيج البوليستر والنايلون، وغطاء سفلي مطاطي. تتكون الطبقات المطاطية من خليط من المطاط الطبيعي والمطاط الصناعي. تأتي الأحزمة بعرض يتراوح بين 300 ملم و3000 ملم، وبسماكات تتراوح بين 5 ملم و25 ملم. سيتم استيراد المنتج على شكل لفافات، حيث تُحدد الأطوال وفقاً لمتطلبات العملاء.,,
N359212,"The merchandise under consideration is identified as an AC Adaptor, model number ACX012, which you describe as a power adapter used exclusively with the Futuristic Alarm Clock. The power adapter is designed to convert 120V AC to 12V DC with a maximum output under 50 Watts. It is comprised of a 2-prong power plug for household electrical outlets and a female output port for connecting DC power plugs. The subject adapter is intended to be used with the Futuristic Alarm Clock and an optional pillow vibrator device.","La marchandise en question est identifiée comme un adaptateur secteur, numéro de modèle ACX012, que vous décrivez comme un adaptateur d'alimentation utilisé exclusivement avec le réveil futuriste. L'adaptateur d'alimentation est conçu pour convertir 120 V AC en 12 V DC avec une puissance de sortie maximale inférieure à 50 watts. Il se compose d'une prise secteur à deux broches pour les prises électriques domestiques et d'un port de sortie femelle pour connecter les fiches d'alimentation DC. L'adaptateur en question est destiné à être utilisé avec le réveil futuriste et un dispositif optionnel de vibromasseur pour oreiller.",يُعرَّف البضاعة قيد النظر على أنها محول تيار متردد، رقم الموديل ACX012، والذي تصفه بأنه محول طاقة يُستخدم حصرياً مع ساعة المنبه المستقبلية. صُمم محول الطاقة لتحويل التيار المتردد بجهد 120 فولت إلى تيار مستمر بجهد 12 فولت، بقدرة خرج قصوى تقل عن 50 واط. يتكون من مقبس طاقة ذو شقين للمقابس الكهربائية المنزلية ومنفذ إخراج أنثى لوصلة مقابس الطاقة المستمرة. يُقصد باستخدام المحول محل النظر مع ساعة المنبه المستقبلية وجهاز اهتزاز الوسادة الاختياري.,,
N360915,"Descriptive literature was provided for our review.The item under consideration is described as the NC° Band, which is a wrist-worn wearable deviceengineered to promote a healthy lifestyle through the collection of various biomarkers. Constructed with aplastic housing and available with either silicone or nylon straps, it secures comfortably to the user’s wrist.The device is charged via a USB-C connector, with an LED indicator providing status updates. Keycomponents include a heart rate lens and a temperature measurement metal plate, and the device is supportedby a Bluetooth Low Energy 5.2 transceiver for efficient data transfer. Integrated sensors include anaccelerometer for motion and orientation data, a skin temperature sensor, an ambient temperature sensor, anda PPG (photoplethysmogram) sensor for heart rate monitoring.","Une documentation descriptive a été fournie pour notre examen. L'article en question est décrit comme le NC° Band, un dispositif portable porté au poignet, conçu pour promouvoir un mode de vie sain par la collecte de divers biomarqueurs. Fabriqué avec un boîtier en plastique et disponible avec un bracelet en silicone ou en nylon, il se fixe confortablement au poignet de l'utilisateur. Le dispositif est chargé via un connecteur USB-C, avec un indicateur LED fournissant des mises à jour sur son état. Les composants clés comprennent une lentille de mesure du rythme cardiaque et une plaque métallique de mesure de la température, et le dispositif est soutenu par un transmetteur-récepteur Bluetooth Low Energy 5.2 pour un transfert de données efficace. Les capteurs intégrés comprennent un accéléromètre pour les données de mouvement et d'orientation, un capteur de température cutanée, un capteur de température ambiante et un capteur PPG (photopléthysmogramme) pour la surveillance du rythme cardiaque.","تم توفير أدبيات وصفية لمراجعتنا. يُوصف الصنف قيد النظر بأنه ""نوتش باند"" (NC° Band)، وهو جهاز قابل للارتداء يُلبس على المعصم، مصمم لتعزيز نمط حياة صحي من خلال جمع مؤشرات حيوية متنوعة. يتكون من غلاف بلاستيكي، ويتوفر مع أحزمة من السيليكون أو النايلون، ويُثبَّت بشكل مريح على معصم المستخدم. يتم شحن الجهاز عبر منفذ USB-C، مع مؤشر ضوئي (LED) يوفر تحديثات حول حالة الجهاز. تشمل المكونات الرئيسية عدسة لقياس معدل ضربات القلب ولوحة معدنية لقياس درجة الحرارة، ويدعم الجهاز جهاز إرسال واستقبال بلوتوث منخفض الطاقة (BLE) الإصدار 5.2 لنقل البيانات بكفاءة. تشمل المستشعرات المدمجة مستشعر تسارع لبيانات الحركة والاتجاه، ومستشعر لدرجة حرارة الجلد، ومستشعر لدرجة حرارة المحيط، ومستشعر PPG (تخطيط النبض الضوئي) لمراقبة معدل ضربات القلب.",,
N363514,"Photographs and descriptive literature were provided for our review. The item under consideration is the “MOZA R3 Direct Drive Racing Simulator Kit (PC Version)” consisting of a steering wheel, steering wheel base, pedals, desk clamp, power adapter and USB data cable. The kit is imported into the United States in retail packaging and contains a complete set of racing game control peripherals. It is designed to connect to a personal computer (PC) via a USB interface and operate racing simulation games in conjunction with an external display (such as an HDTV or computer monitor). The kit is not a standalone game console; it does not contain game content or a computing unit. Rather, it functions as a dedicated input/output control device for the PC platform, designed to enhance the realistic driving experience in racing games.","Des photographies et des documents descriptifs ont été fournis pour notre examen. L'article en question est le « Kit de simulateur de course à entraînement direct MOZA R3 (version PC) », composé d'un volant, d'une base de volant, de pédales, d'un serre-joint de bureau, d'un adaptateur secteur et d'un câble de données USB. Le kit est importé aux États-Unis dans son emballage de détail et contient un ensemble complet de périphériques de contrôle pour jeux de course. Il est conçu pour se connecter à un ordinateur personnel (PC) via une interface USB et pour faire fonctionner des jeux de simulation de course en conjonction avec un affichage externe (tel qu'un téléviseur HDTV ou un moniteur d'ordinateur). Le kit n'est pas une console de jeu autonome ; il ne contient ni contenu de jeu ni unité de calcul. Il fonctionne plutôt comme un dispositif de contrôle d'entrée/sortie dédié pour la plateforme PC, conçu pour améliorer l'expérience de conduite réaliste dans les jeux de course.","تم تقديم صور ومواد وصفية لمراجعتنا. البند قيد النظر هو ""طقم محاكي السباق MOZA R3 Direct Drive (نسخة الحاسوب الشخصي)""، ويتكون من عجلة قيادة، وقاعدة عجلة قيادة، ودواسات، ومشبك مكتب، ومحول طاقة، وكابل بيانات USB. يتم استيراد الطقم إلى الولايات المتحدة في تغليف تجزئة، ويحتوي على مجموعة كاملة من ملحقات التحكم في ألعاب السباق. صُمم الطقم للاتصال بحاسوب شخصي (PC) عبر واجهة USB وتشغيل ألعاب محاكاة السباق بالتزامن مع شاشة عرض خارجية (مثل تلفزيون عالي الدقة أو شاشة حاسوب). الطقم ليس وحدة ألعاب مستقلة؛ فهو لا يحتوي على محتوى ألعاب أو وحدة معالجة. بل يعمل كجهاز تحكم إدخال/إخراج مخصص لمنصة الحاسوب الشخصي، مصمم لتعزيز تجربة القيادة الواقعية في ألعاب السباق.",,
N362726,"An image was provided in lieu of a sample. The article under consideration is described as a decorative paper clip. It measures two inches in length by one inch in width and is formed from gold-colored zinc alloy wire into the traditional paper clip configuration. Three removable zinc alloy charms, including a star, a flower, and a butterfly, are attached to the outer loop of the paper clip by small metal jump rings. The charm designs may vary and will be comprised of zinc alloy or plastic depending on the design. Your submission states that the paper clip is designed and marketed as a decorative stationery accessory and that the attached charms do not alter its functionality.","Une image a été fournie à la place d'un échantillon. L'article en question est décrit comme une pince à papier décorative. Il mesure deux pouces de longueur sur un pouce de largeur et est formé à partir de fil d'alliage de zinc de couleur or, dans la configuration traditionnelle d'une pince à papier. Trois breloques en alliage de zinc amovibles, comprenant une étoile, une fleur et un papillon, sont fixées à la boucle extérieure de la pince à papier par de petites anneaux de jonction métalliques. Les motifs des breloques peuvent varier et seront composés d'alliage de zinc ou de plastique, selon le design. Votre soumission indique que la pince à papier est conçue et commercialisée comme un accessoire de papeterie décoratif et que les breloques attachées n'en altèrent pas la fonctionnalité.",تم تقديم صورة بدلاً من عينة. يُوصف المنتج قيد النظر بأنه مشبك ورق زخرفي. يبلغ طوله بوصتين وعرضه بوصة واحدة، وهو مصنوع من سبيكة زنك لونية ذهبية على شكل مشبك الورق التقليدي. تُثبَّت ثلاثة عناصر زخرفية قابلة للإزالة من سبيكة الزنك، بما في ذلك نجمة وزهرة وفراشة، على الحلقة الخارجية لمشبك الورق بواسطة حلقات معدنية صغيرة. قد تختلف تصاميم العناصر الزخرفية، وستكون مصنوعة من سبيكة الزنك أو البلاستيك اعتماداً على التصميم. يشير تقديمكم إلى أن مشبك الورق مصمَّم ويُسوَّق كإكسسوار مكتبية زخرفي، وأن العناصر الزخرفية المرفقة لا تُغيّر من وظيفته.,,
N356970,The merchandise in question is a distilled palm fatty acid that has the product name of NUTRACOR 1680. NUTRACOR 1680 is described as an energy source and fatty acids replacer for dairy ruminants. Its physical state at the time of importation will be of a white colored bead or prill of about 800 microns.,La marchandise en question est un acide gras de palme distillé portant la dénomination commerciale NUTRACOR 1680. Le NUTRACOR 1680 est décrit comme une source d'énergie et un substitut aux acides gras pour les ruminants laitiers. Son état physique au moment de l'importation sera celui d'une bille ou d'une pastille blanche d'environ 800 microns.,"السلعة محل النظر هي حمض دهني نخيلي مُقطَّر يحمل اسم المنتج ""نوتراكور 1680"". يُوصف ""نوتراكور 1680"" بأنه مصدر للطاقة وبديل للأحماض الدهنية للحيوانات المجترة من الأبقار الحلوب. ستكون حالته الفيزيائية عند الاستيراد على شكل حبيبات أو كريات بيضاء اللون بحجم يقارب 800 ميكرون.",,
N359899,"The CosmeRNA ARI Intensive Hair Revitalizing Tonic and CosmeRNA ARI SalonPro Hair Revitalizing Tonic are each packaged for retail sale in sets of ten 1 mL (0.03 fluid ounce) ampoules. The ComeRNA ARI Hair Revitalizing Tonic is packaged for retail sale in a single 2 mL (0.06 fluid ounce) pen-type dispenser. You state that all three products are topical cosmetic hair tonics designed for direct application to the scalp, providing general hair and scalp care.","Le CosmeRNA ARI Intensive Hair Revitalizing Tonic et le CosmeRNA ARI SalonPro Hair Revitalizing Tonic sont chacun conditionnés pour la vente au détail en sets de dix ampoules de 1 mL (0,03 once fluide). Le CosmeRNA ARI Hair Revitalizing Tonic est conditionné pour la vente au détail dans un distributeur de type stylo de 2 mL (0,06 once fluide). Vous déclarez que les trois produits sont des toniques capillaires cosmétiques topiques conçus pour une application directe sur le cuir chevelu, assurant un soin général des cheveux et du cuir chevelu.",تُعبَّأ كلٌّ من مستحضر كوزمي آر إن إيه أري المكثّف لإحياء الشعر ومستحضر كوزمي آر إن إيه أري سالبون برو لإحياء الشعر للبيع بالتجزئة في مجموعات من عشرة أمبولات سعة 1 مل (0.03 أونصة سائلة) لكل منهما. أما مستحضر كوزمي آر إن إيه أري لإحياء الشعر فيُعبَّأ للبيع بالتجزئة في عبوة واحدة على شكل قلم سعة 2 مل (0.06 أونصة سائلة). وتؤكدون أن جميع المنتجات الثلاث هي مستحضرات تجميلية موضعية للعشبية مخصصة للتطبيق المباشر على فروة الرأس، وتوفر عناية عامة بالشعر وفروة الرأس.,,
N361816,Photographs and descriptions of the merchandise were included in your inquiry. The article under consideration is a TV wall mounting bracket made of steel. It functions to mount a flat panel TV to a wall or other vertical structure. This full motion mount can support screen sizes ranging from 13-77 inches. Mounting hardware is included. You note that there is no aluminum in this article.,Des photographies et des descriptions de la marchandise étaient jointes à votre demande. L'article en question est un support mural pour téléviseur en acier. Il sert à fixer un téléviseur à écran plat à un mur ou à toute autre structure verticale. Ce support à mouvement complet peut supporter des tailles d'écran allant de 13 à 77 pouces. Le matériel de fixation est inclus. Vous indiquez qu'il n'y a pas d'aluminium dans cet article.,تمت إرفاق صور ووصف للبضاعة في استفسارك. الصنف قيد النظر هو حامل جداري لتلفزيون مصنوع من الفولاذ. يعمل على تثبيت تلفزيون بشاشة مسطحة على جدار أو هيكل عمودي آخر. يمكن لهذا الحامل بحركة كاملة دعم أحجام شاشات تتراوح من 13 إلى 77 بوصة. يتضمن أدوات التثبيت. تشير إلى أنه لا يحتوي على أي ألومنيوم.,,
N363820,"The subject merchandise consists of naturally grown poppy seed capsules (Papaver somniferum) that have been harvested and dried. You state that there are no materials or substances added. Furthermore, you state the poppy heads are imported solely for decorative use, including home décor, floral arrangements, arts and crafts, and interior design applications. They are not intended for planting, propagation, food, pharmaceutical, medicinal, or narcotic purposes. The drying process renders the product unsuitable for cultivation, and it is marketed and sold exclusively as an ornamental botanical item. The merchandise is exported to the United States in protective cartons and will be available in a variety of retail and wholesale pack sizes.","La marchandise en question se compose de capsules de pavot (Papaver somniferum) d’origine naturelle, récoltées et séchées. Vous déclarez qu’aucun matériau ni substance n’y a été ajouté. Par ailleurs, vous affirmez que les têtes de pavot sont importées exclusivement à des fins décoratives, notamment pour la décoration intérieure, les arrangements floraux, les arts et l’artisanat, ainsi que pour les applications de design d’intérieur. Elles ne sont pas destinées à la plantation, à la propagation, à l’alimentation, à des fins pharmaceutiques, médicinales ou narcotiques. Le processus de séchage rend le produit inapte à la culture, et il est commercialisé et vendu exclusivement en tant qu’article botanique ornemental. La marchandise est exportée vers les États-Unis dans des cartons de protection et sera disponible en diverses tailles d’emballage pour la vente au détail et en gros.",تتألف البضاعة المعنية من كبسولات بذور الخشخاش (البابونج الخشخاش) التي نمت بشكل طبيعي وقُطفت وجُففت. وتؤكدون أنه لم تُضف أي مواد أو مواد أخرى. علاوة على ذلك، تؤكدون أن رؤوس الخشخاش مستوردة للاستخدام الزخرفي فقط، بما في ذلك ديكور المنزل، والترتيبات الزهرية، والفنون والحرف اليدوية، وتطبيقات التصميم الداخلي. وهي غير مخصصة للزراعة أو التكاثر أو الأغذية أو الأغراض الصيدلانية أو الطبية أو المخدرة. ويجعل عملية التجفيف المنتج غير مناسب للزراعة، ويُسوّق ويُباع حصريًا كعنصر نباتي زخرفي. وتُصدَّر البضاعة إلى الولايات المتحدة في صناديق كرتونية واقية، وستتوفر بمقاسات تغزير متنوعة للبيع بالتجزئة والجملة.,,
N357767,"In lieu of samples, illustrative literature and a product description were provided. The “Madison Hybrid Sofa,” is an upholstered seat affixed to a wooden frame. The sofa does not incorporate a removeable mattress, convert into a bed, or include recline mechanisms. Seating is provided for one or more individuals. Illustrative literature states, the seat has (1) removeable duvet style seat cushions (25% feather / 75% ball fiber) encased in down proof ticking, (2) multi-layered and contoured polyurethane (PU) foam, and (3) elastic webbing incorporated into the backrest components that are permanently affixed to the wooden frame. The wooden frame consists of linear and non-linear cut to shape oriented strand board (OSB) and poplar wood panels along with concave and convex OSB and poplar wood panels that provide the sofa with its shape and structure. The OSB and the poplar wood are present throughout the seat’s armrests, backrests, forward frame, and the rear frame. The seat foundation is constructed in part of steel rail surrounds and steel springs that are mounted to the OSB and poplar wood frame. A pair of parallel steel metal rails located at the front and rear base of the sofa are mounted to the OSB and poplar wood frame. Four chrome plated metal legs are located at the base corners of the sofa and are mounted to the OSB and poplar wood frame. The seat dimensions are 40"" in depth, 33"" in height, and 83"" in length.","À défaut d’échantillons, une documentation illustrative et une description du produit ont été fournies. Le « Madison Hybrid Sofa » est un siège rembourré fixé à un cadre en bois. Le canapé n’intègre pas de matelas amovible, ne se transforme pas en lit et ne comporte pas de mécanismes de basculement. Il offre un assise pour une ou plusieurs personnes. La documentation illustrative indique que le siège comporte (1) des coussins d’assise amovibles de type duvet (25 % de plumes / 75 % de fibres de bouleau) enveloppés dans une toile de coton étanche aux duvets, (2) une mousse de polyuréthane (PU) multicouche et moulée, et (3) des bandes élastiques intégrées aux éléments du dossier, qui sont fixés de manière permanente au cadre en bois. Le cadre en bois est constitué de panneaux de copeaux orientés (OSB) et de panneaux en peuplier, coupés en formes linéaires et non linéaires, ainsi que de panneaux OSB et en peuplier concaves et convexes, qui confèrent au canapé sa forme et sa structure. L’OSB et le bois de peuplier sont présents dans les accoudoirs, les dossiers, le cadre avant et le cadre arrière du siège. La structure du siège est constituée en partie de cadres en acier et de ressorts en acier fixés au cadre en OSB et en peuplier. Une paire de rails métalliques en acier parallèles, situés à la base avant et arrière du canapé, est fixée au cadre en OSB et en peuplier. Quatre pieds métalliques chromés sont situés aux coins de la base du canapé et sont fixés au cadre en OSB et en peuplier. Les dimensions du siège sont de 40 pouces de profondeur, 33 pouces de hauteur et 83 pouces de longueur.","بديلًا عن العينات، تم تقديم أدلة توضيحية ووصف للمنتج. ""أريكة ماديسون الهجينة"" هي مقعد مبطّن مثبت على هيكل خشبي. لا تتضمن الأريكة مرتبة قابلة للإزالة، ولا يمكن تحويلها إلى سرير، ولا تحتوي على آليات للارتخاء. يوفر المقعد مكانًا لشخص واحد أو أكثر. تشير الأدلة التوضيحية إلى أن المقعد يحتوي على: (1) وسائد مقعد قابلة للإزالة بنمط الدوفتين (25% ريش / 75% ألياف كروية) مغلفة بقماش مقاوم للريش، و(2) رغوة بولي يوريثان (PU) متعددة الطبقات والمصممة بشكل منحني، و(3) شريط مطاطي مدمج في مكونات الظهر المثبتة بشكل دائم على الهيكل الخشبي. يتكون الهيكل الخشبي من ألواح خشبية من النوع OSB (لوح الخشب الموجه بالألياف) وألواح خشب البوبلار المقطوعة بشكل خطي وغير خطي، بالإضافة إلى ألواح OSB وخشب البوبلار المقعرة والمحدبة التي تمنح الأريكة شكلها وهيكلها. يتواجد خشب OSB وخشب البوبلار في جميع أنحاء مساند الأذرع، ومساند الظهر، والإطار الأمامي، والإطار الخلفي للمقعد. يتم بناء أساس المقعد جزئيًا من إطارات حديدية ونوابض حديدية مثبتة على هيكل OSB وخشب البوبلار. يوجد زوج من القضبان المعدنية الحديدية المتوازية في القاعدة الأمامية والخلفية للأريكة، مثبتة على هيكل OSB وخشب البوبلار. توجد أربع أرجل معدنية مطلية بالكروم في زوايا قاعدة الأريكة، مثبتة على هيكل OSB وخشب البوبلار. أبعاد المقعد هي 40 بوصة في العمق، و33 بوصة في الارتفاع، و83 بوصة في الطول.",,
N357323,"The subject merchandise under review is herbal tincture extracts prepared from various botanicals; namely, Andrographis paniculata (Green Chiretta - China), Alchornea cordifolia (Christmas Bush - Ghana), Withania somnifera (Ashwagandha - India), Bidens pilosa (Black Jack - Ghana), and Astragalus membranaceus (Mongolian milkvetch - China). The product is a liquid botanical extract produced from dried plant parts that are milled into a fine powder. The powdered plant material is macerated and soaked in a solvent mixture consisting of vegetable glycerin (70 percent) and distilled water (30 percent). The maceration process is carried out for approximately four weeks to allow for extraction of the soluble constituents of the plant material. After completion of the extraction period, the mixture is strained and filtered through a fine-mesh sieve filtration system, resulting in a liquid extract. The finished product contains no residual plant particles and consists solely of the extracted botanical components dissolved in the glycerin-water solution.","La marchandise faisant l'objet de la présente enquête est constituée d'extraits de teintures à base de plantes préparés à partir de diverses plantes ; à savoir, Andrographis paniculata (Chiretta verte - Chine), Alchornea cordifolia (Buis de Noël - Ghana), Withania somnifera (Ashwagandha - Inde), Bidens pilosa (Black Jack - Ghana) et Astragalus membranaceus (Milkvetch mongole - Chine). Le produit est un extrait botanique liquide produit à partir de parties de plantes séchées qui sont moulues en une fine poudre. La matière végétale en poudre est macérée et trempée dans un mélange de solvants composé de glycérine végétale (70 pour cent) et d'eau distillée (30 pour cent). Le processus de macération est effectué pendant environ quatre semaines afin de permettre l'extraction des constituants solubles de la matière végétale. À l'issue de la période d'extraction, le mélange est tamisé et filtré à l'aide d'un système de filtration à tamis à mailles fines, donnant lieu à un extrait liquide. Le produit fini ne contient aucune particule végétale résiduelle et se compose uniquement des composants botaniques extraits dissous dans la solution de glycérine et d'eau.",السلعة محل المراجعة هي مستخلصات تينكتورية عشبية مُعدّة من نباتات متنوعة؛ وهي على وجه التحديد: أندروغرافيس بانيكولاتا (الشيريتا الخضراء - الصين)، وألكورنيا كورديفوليا (شجرة عيد الميلاد - غانا)، وويتانيا سومنيفيرا (أشواغاندا - الهند)، وبيدنز بيلوسا (الجاك الأسود - غانا)، وأستراغالوس ممبراناسيوس (البرسيمونغولي - الصين). المنتج هو مستخلص نباتي سائل يُنتج من أجزاء نباتية مجففة تُطحن إلى مسحوق ناعم. يُنقع المسحوق النباتي ويُغمر في خليط مذيب يتكون من الجلسرين النباتي (70 في المائة) والماء المقطر (30 في المائة). يتم إجراء عملية النقع لمدة تقارب أربعة أسابيع للسماح باستخلاص المكونات القابلة للذوبان من المادة النباتية. بعد انتهاء فترة الاستخلاص، يُصفّى الخليط ويُمرر عبر نظام تصفية بشبكة دقيقة، مما ينتج عنه مستخلص سائل. لا يحتوي المنتج النهائي على أي جزيئات نباتية متبقية، ويتكون حصرياً من المكونات النباتية المستخلصة المذابة في محلول الجلسرين والماء.,,
N359133,"The request was returned to you for additional information, which was submitted to this office on February 24, 2026. Product information and samples were submitted for our review. The products under consideration are three paperboard bulletin board borders. All three are color printed and coated with calcium carbonate. The first design is a row of die-cut apples in various colors. The shape is the outline of the apples with stems and leaves. The apples are printed for coloration, but the printing is secondary to the shape of the border. The second design is a border with a straight long edge and a wavy long edge. The paper is printed with a decorative repeating pattern of apples, pencils, paint brushes, rulers, glue bottles, and stars. The third border is a rectangular piece of paperboard with a repeating, decorative, colored checkerboard pattern.","La demande vous a été retournée pour obtenir des informations supplémentaires, qui ont été soumises à ce bureau le 24 février 2026. Des informations sur les produits et des échantillons ont été soumis pour notre examen. Les produits en question sont trois bordures de tableau d'affichage en carton. Les trois sont imprimés en couleur et enduits de carbonate de calcium. Le premier design est une rangée de pommes découpées au poinçon dans diverses couleurs. La forme est le contour des pommes avec tiges et feuilles. Les pommes sont imprimées pour la coloration, mais l'impression est secondaire par rapport à la forme de la bordure. Le deuxième design est une bordure avec un long bord droit et un long bord ondulé. Le papier est imprimé avec un motif décoratif répétitif de pommes, crayons, pinceaux, règles, flacons de colle et étoiles. La troisième bordure est une pièce rectangulaire de carton avec un motif décoratif répétitif de damier coloré.",تم إرجاع الطلب إليكم للحصول على معلومات إضافية، والتي تم تقديمها إلى هذا المكتب في 24 فبراير 2026. تم تقديم معلومات المنتج والعينات لمراجعتنا. المنتجات قيد النظر هي ثلاثة حدود لألواح الإعلانات المصنوعة من الورق المقوى. جميعها مطبوعة بالألوان ومغطاة ببيكربونات الكالسيوم. التصميم الأول هو صف من تفاحات مقطوعة بالآلة بألوان مختلفة. الشكل هو مخطط التفاح مع السيقان والأوراق. تم طبع التفاحات لإضافة الألوان، لكن الطباعة ثانوية مقارنة بشكل الحد. التصميم الثاني هو حد به حافة طويلة مستقيمة وحافة طويلة متموجة. تم طبع الورق بنمط زخرفي متكرر من التفاح، والأقلام، وفرشاة الطلاء، والمقاييس، وقوارب الغراء، والنجوم. الحد الثالث هو قطعة مستطيلة من الورق المقوى بنمط مربعات متكرر وزخرفي وملوّن.,,
N359976,"The merchandise under consideration is the Xumo Stream Box, which is a digital media receiver designed to transmit digital audio and video content via the Internet to a television. Moreover, the Xumo Stream box connects via HDMI to any TV, allowing users to watch live TV and streaming apps, such as Netflix, YouTube, Disney+, Hulu, etc. It does not contain a tuner.","La marchandise en question est la Xumo Stream Box, un récepteur de médias numériques conçu pour transmettre du contenu audio et vidéo numérique via Internet vers un téléviseur. De plus, la Xumo Stream Box se connecte via HDMI à n'importe quel téléviseur, permettant aux utilisateurs de regarder la télévision en direct et des applications de streaming, telles que Netflix, YouTube, Disney+, Hulu, etc. Elle ne contient pas de tuner.",السلعة قيد النظر هي صندوق Xumo Stream، وهو مستقبل وسائط رقمية مصمم لنقل المحتوى الصوتي والمرئي الرقمي عبر الإنترنت إلى التلفزيون. علاوة على ذلك، يتصل صندوق Xumo Stream عبر منفذ HDMI بأي تلفزيون، مما يتيح للمستخدمين مشاهدة التلفزيون المباشر وتطبيقات البث، مثل Netflix وYouTube وDisney+ وHulu وغيرها. ولا يحتوي على جهاز استقبال (Tuner).,,
N356909,"The merchandise under consideration is described as passive optical network (PON) cabinets. The subject cabinets are comprised of multiple fiber optic cassettes, which are made up of various fiber optic splitter modules, fiber optic connectors, and cabling within a metal cabinet. The subject device contains no electrical components and is only meant for the passive transmission of optical signals within a fiber optic network. The cabinets are configured with various numbers of cassettes and modules, dependent upon the needs of the customer. The cabinet functions as a passive splitter within a telecommunications system.","La marchandise en question est décrite comme des armoires de réseau optique passif (PON). Les armoires concernées sont composées de plusieurs cassettes à fibres optiques, elles-mêmes constituées de divers modules de diviseurs de fibres optiques, de connecteurs à fibres optiques et de câblage au sein d'une armoire métallique. L'appareil concerné ne contient aucun composant électrique et est destiné uniquement à la transmission passive de signaux optiques au sein d'un réseau à fibres optiques. Les armoires sont configurées avec un nombre variable de cassettes et de modules, en fonction des besoins du client. L'armoire fonctionne comme un diviseur passif au sein d'un système de télécommunications.",يُوصف البضاعة قيد النظر على أنها خزائن شبكات البث الضوئي السلبي (PON). تتكون الخزائن المعنية من عدة كاسيتات ألياف بصرية، والتي تتألف بدورها من وحدات مقسمات ألياف بصرية متنوعة، وموصلات ألياف بصرية، وأسلاك داخل خزانة معدنية. لا يحتوي الجهاز المعني على أي مكونات كهربائية، وهو مخصص فقط للبث السلبي للإشارات الضوئية داخل شبكة الألياف البصرية. يتم تجهيز الخزائن بأعداد مختلفة من الكاسيتات والوحدات، وذلك تبعًا لاحتياجات العميل. تعمل الخزانة كمقسم سلبي داخل نظام الاتصالات.,,
N359731,"This ruling is part of a split ruling request. The other portion of the request was assigned Ruling Number N359784. This ruling covers only the aluminum sheet pan. The aluminum sheet pan, SKU ALXP-1826, is flat and rectangular, with an Aluminum Association Series Designation (AASD) of 3003. The item measures approximately 26 inches long by 18 inches wide and is 1.13 inches high. The aluminum sheet pan will be used for baking cookies, desserts, and food.","Cette décision fait partie d'une demande de décision partagée. L'autre partie de la demande a été attribuée le numéro de décision N359784. Cette décision ne couvre que la plaque à pâtisserie en aluminium. La plaque à pâtisserie en aluminium, référence SKU ALXP-1826, est plate et rectangulaire, avec une désignation de série de l'Aluminum Association (AASD) de 3003. L'article mesure environ 26 pouces de long sur 18 pouces de large et a une hauteur de 1,13 pouce. La plaque à pâtisserie en aluminium sera utilisée pour cuire des biscuits, des desserts et des aliments.",يُعدّ هذا القرار جزءًا من طلب قرار مُقسّم. وقد أُسند الجزء الآخر من الطلب إلى رقم القرار N359784. يغطي هذا القرار صينية الألومنيوم فقط. صينية الألومنيوم، برمز المنتج ALXP-1826، مسطحة ومستطيلة الشكل، وتتميز بتصنيف سلسلة جمعية الألومنيوم (AASD) 3003. تبلغ أبعاد المنتج تقريبًا 26 بوصة في الطول و18 بوصة في العرض، وارتفاعه 1.13 بوصة. ستُستخدم صينية الألومنيوم لخبز الكوكيز والحلويات والأطعمة.,,
N362921,"The samples which you provided will be retained by this office. The product under consideration is described as a PET/Aluminum composite film consisting of a 12-micron (0.012 mm) thick layer of PET film, a 6.35-micron (0.00635 mm) thick layer of aluminum foil, and a 2-micron (0.002 mm) thick 2K-PU adhesive which bonds the PET film and foil together. The panels are used in the production of electronic devices as a passive component.","Les échantillons que vous avez fournis seront conservés par ce bureau. Le produit en question est décrit comme un film composite PET/aluminium composé d'une couche de film PET d'une épaisseur de 12 microns (0,012 mm), d'une couche de feuille d'aluminium d'une épaisseur de 6,35 microns (0,00635 mm) et d'un adhésif 2K-PU d'une épaisseur de 2 microns (0,002 mm) qui lie le film PET et la feuille d'aluminium ensemble. Les panneaux sont utilisés dans la fabrication d'appareils électroniques en tant que composant passif.",ستحتفظ هذه الإدارة بالعينات التي قدمتموها. يُوصف المنتج قيد النظر بأنه فيلم مركب من PET/الألمنيوم يتكون من طبقة من فيلم PET بسماكة 12 ميكرون (0.012 مم)، وطبقة من رقائق الألمنيوم بسماكة 6.35 ميكرون (0.00635 مم)، وطبقة من لاصق 2K-PU بسماكة 2 ميكرون (0.002 مم) تربط بين فيلم PET ورقائق الألمنيوم. تُستخدم الألواح في إنتاج الأجهزة الإلكترونية كمكوّن سلبي.,,
N360190,"The merchandise at issue is a plastic bag manufactured in Thailand. The bag is constructed from a multi-layered laminate sheet of oriented polypropylene (OPP), metallized polyethylene terephthalate (PET), and low-density polyethylene (LDPE). The polyethylene comprises 80 percent by weight of the bag. The bag, with dimensions of 6.5 x 5 x 2 inches (height x width x depth), has an integral extruded closure at the top and is intended for supplementary packaging.","La marchandise en cause est un sac en plastique fabriqué en Thaïlande. Le sac est constitué d'une feuille laminée multicouche en polypropylène orienté (OPP), téréphtalate de polyéthylène métallisé (PET) et polyéthylène basse densité (LDPE). Le polyéthylène représente 80 % du poids du sac. Le sac, aux dimensions de 6,5 x 5 x 2 pouces (hauteur x largeur x profondeur), est doté d'un système de fermeture extrudé intégré en partie supérieure et est destiné à l'emballage complémentaire.",السلعة محل النظر هي كيس بلاستيكي مصنوع في تايلاند. يتكون الكيس من ورقة مركبة متعددة الطبقات من بولي بروبيلين الموجه (OPP)، وبولي إيثيلين تيرفثالات المعدني (PET)، وبولي إيثيلين منخفض الكثافة (LDPE). ويشكل البولي إيثيلين 80 في المائة من وزن الكيس. ويبلغ حجم الكيس 6.5 × 5 × 2 بوصة (الارتفاع × العرض × العمق)، ويتميز بإغلاق خارجي مدمج في الجزء العلوي، وهو مخصص للتغليف التكميلي.,,
N359019,"Your sample will be returned. Style 81950, Dry Line Vest, is a unisex fishing vest. The front panels, back yolk and lumbar are composed of 100% nylon woven fabric, with a visible polyurethane coating on the inner surface. The remainder of the garment is composed of 100% polyester mesh knit fabric. The lining is composed of 100% polyester mesh knit fabric. The garment features a full-frontal opening secured with an adjustable buckle closure, three pouches with hook and loop closure attached to each front panel, an inside pocket with a zipper closure at the left chest, inside pockets with zipper closures at the waist area, and a pocket with a zipper closure on the lumbar panel.","Votre échantillon sera retourné. Le modèle 81950, gilet Dry Line, est un gilet de pêche unisexe. Les panneaux avant, le col de dos et la partie lombaire sont composés d'un tissu en nylon tissé à 100 %, avec un revêtement en polyuréthane visible sur la surface intérieure. Le reste du vêtement est composé d'un tissu en maille de polyester à 100 %. La doublure est composée d'un tissu en maille de polyester à 100 %. Le vêtement présente une ouverture complète sur le devant, fermée par une boucle ajustable, trois poches avec fermeture à crochets et boucles (Velcro) fixées à chaque panneau avant, une poche intérieure avec fermeture éclair sur la poitrine gauche, des poches intérieures avec fermetures éclair à la taille, et une poche avec fermeture éclair sur le panneau lombaire.",سيتم إرجاع عيّنتك. الطراز 81950، سترة جافة، هي سترة صيد أسماك للجنسين. تتكون الألواح الأمامية، والياقة الخلفية، والجزء السفلي من قماش منسوج من النايلون بنسبة 100%، مع طلاء بولي يوريثان ظاهر على السطح الداخلي. يتكون بقية القطعة من قماش شبكي محبوك من البوليستر بنسبة 100%. يتكون البطانة من قماش شبكي محبوك من البوليستر بنسبة 100%. تتميز القطعة بفتحة أمامية كاملة تُثبَّت بإبزيم قابل للتعديل، وثلاث جيوب مزودة بإغلاق من نوع الخطاف والحلقة (فيلكرو) مثبتة على كل لوح أمامي، وجيب داخلي مزود بسحّاب على الصدر الأيسر، وجيوب داخلية مزودة بسحّابات في منطقة الخصر، وجيب مزود بسحّاب على اللوح السفلي.,,
N359367,"The product under consideration in this request is identified as the Cable, Lower, Wide Grip, GA, Z3/H, part number 300-00037-002.A2. This cable is comprised of a length of insulated cable with a 5POS connector on one end and two stereo plugs, one for audio input and one for audio output, on the other end. The subject cable is intended to electrically connect the headset’s control box via the 5POS connector and with the aircraft’s intercom through the two stereo plug connectors. You state the cable only delivers audio signals and does not transmit power.","Le produit faisant l'objet de la présente demande est identifié comme étant le câble, inférieur, prise large, GA, Z3/H, numéro de pièce 300-00037-002.A2. Ce câble est composé d'une longueur de câble isolé doté d'un connecteur 5POS à une extrémité et de deux fiches stéréo, l'une pour l'entrée audio et l'autre pour la sortie audio, à l'autre extrémité. Le câble en question est destiné à connecter électriquement la boîte de commande du casque via le connecteur 5POS et l'interphone de l'aéronef au moyen des deux connecteurs à fiches stéréo. Vous indiquez que le câble ne transmet que des signaux audio et ne transmet pas d'alimentation électrique.",يُعرَّف المنتج قيد النظر في هذا الطلب بأنه كابل سفلي، بمقبض واسع، GA، Z3/H، برقم الجزء 300-00037-002.A2. يتكون هذا الكابل من طول من الكابل المعزول مزود بموصل 5POS في أحد الطرفين، ومقبسين ستيريو في الطرف الآخر، أحدهما لإدخال الصوت والآخر لإخراج الصوت. يُقصد بالكابل موضوع الطلب التوصيل الكهربائي لصندوق تحكم سماعة الرأس عبر موصل 5POS، ولنظام الاتصال الداخلي للطائرة عبر مقبسي الستيريو. وتؤكدون أن الكابل ينقل إشارات الصوت فقط ولا ينقل الطاقة.,,
N359071,"The items under consideration are referred to as Sub-Assy, Cup, Left, Delta Zulu (Part number: 250-00061-000.A1) and Sub-Assy, Badge, Right, Delta Zulu (Part number: 250-00063-000.A1). The Sub-Assy, Cup, Left, Delta Zulu ear cup is a housing assembly for Lightspeed’s Delta Zulu aviation headset. The left ear cup sub assembly is composed of a dome-shaped inner magnesium housing. This design allows for passive noise reduction by creating a physical barrier to isolate and block external noise and facilitate the active noise cancellation function of the headset. The Sub-Assy, Badge, Right, Delta Zulu is utilized on the right ear cup assembly of the Delta Zulu aviation headset. The badge is made from magnesium and assists with structural support by helping reinforce the ear cup’s structure, which is important for maintaining a tight seal around the ear and is considered critical for both passive and active noise cancellation. The badge also helps reduce unwanted vibrations or resonance in the ear cup, as well as creates a shielding effect against electromagnetic interference.","Les articles en question sont désignés sous les noms de Sous-ensemble, Coque, Gauche, Delta Zulu (numéro de pièce : 250-00061-000.A1) et Sous-ensemble, Badge, Droit, Delta Zulu (numéro de pièce : 250-00063-000.A1). Le sous-ensemble de coque gauche Delta Zulu est un ensemble de logement pour le casque d'aviation Delta Zulu de Lightspeed. Le sous-ensemble de coque d'oreille gauche est composé d'un logement intérieur en magnésium de forme dôme. Cette conception permet une réduction passive du bruit en créant une barrière physique pour isoler et bloquer le bruit extérieur et faciliter la fonction d'annulation active du bruit du casque. Le sous-ensemble de badge droit Delta Zulu est utilisé sur l'ensemble de la coque d'oreille droite du casque d'aviation Delta Zulu. Le badge est fabriqué en magnésium et contribue au soutien structurel en renforçant la structure de la coque d'oreille, ce qui est important pour maintenir un joint étanche autour de l'oreille et est considéré comme essentiel pour l'annulation passive et active du bruit. Le badge aide également à réduire les vibrations ou la résonance indésirables dans la coque d'oreille, ainsi qu'à créer un effet de blindage contre les interférences électromagnétiques.","تُشار إلى العناصر قيد النظر باسم ""تجميع فرعي، كوب، يسار، دلتا زولو"" (رقم القطعة: 250-00061-000.A1) و""تجميع فرعي، شارة، يمين، دلتا زولو"" (رقم القطعة: 250-00063-000.A1). يُعد تجميع كوب الأذن الأيسر من طراز دلتا زولو غلافًا تجميعيًا لسماعة دلتا زولو للطيران من شركة لايتسبيد. يتكون التجميع الفرعي لكوب الأذن الأيسر من غلاف داخلي على شكل قبة مصنوع من المغنيسيوم. يسمح هذا التصميم بتقليل الضوضاء السلبي من خلال إنشاء حاجز فيزيائي لعزل الضوضاء الخارجية وحجبها، مما يسهّل وظيفة إلغاء الضوضاء النشط في السماعة. يُستخدم تجميع الشارة الأيمن من طراز دلتا زولو في تجميع كوب الأذن الأيمن لسماعة دلتا زولو للطيران. مصنوعة الشارة من المغنيسيوم وتساعد في الدعم الهيكلي من خلال تعزيز بنية كوب الأذن، وهو أمر مهم للحفاظ على إحكام الإغلاق حول الأذن ويُعتبر حاسمًا لكل من إلغاء الضوضاء السلبي والنشط. كما تساعد الشارة في تقليل الاهتزازات أو الرنين غير المرغوب فيه في كوب الأذن، فضلاً عن خلق تأثير درع ضد التداخل الكهرومغناطيسي.",,
N359480,"The merchandise under consideration is the VIPER 5806V LED 2-Way Security + Remote Start System, which is imported as a set consisting of two remote control key fobs, harnesses, a control module, and a siren. The key fobs are wireless radio remote control devices that remotely control the arming/locking, disarming/unlocking, auxiliary/trunk, and remote start of a vehicle. It is the opinion of this office that the remote control key fobs impart the essential character of this set.","La marchandise en question est le système de sécurité et de démarrage à distance bidirectionnel à LED VIPER 5806V, importé sous forme d'un ensemble composé de deux télécommandes à clé, de faisceaux de câblage, d'un module de contrôle et d'une sirène. Les télécommandes à clé sont des dispositifs de télécommande sans fil par radio qui contrôlent à distance l'armement/verrouillage, le désarmement/déverrouillage, les fonctions auxiliaires/coffre et le démarrage à distance d'un véhicule. Il est de l'avis de ce bureau que les télécommandes à clé confèrent le caractère essentiel à cet ensemble.",السلعة قيد النظر هي نظام VIPER 5806V LED الأمني ثنائي الاتجاه مع نظام بدء تشغيل عن بُعد، وهو مستورد على شكل مجموعة تتكون من جهازين للتحكم عن بُعد (مفاتيح)، وحوامل توصيل، ووحدة تحكم، وصافرة إنذار. أجهزة التحكم عن بُعد هي أجهزة لاسلكية تعمل بالإشارة الراديوية تتحكم عن بُعد في تفعيل/قفل، وإلغاء تفعيل/فتح، ومساعد/صندوق الأمتعة، وبدء تشغيل المركبة عن بُعد. الرأي السائد في هذا المكتب هو أن أجهزة التحكم عن بُعد تمنح هذه المجموعة طابعها الجوهري.,,
N357819,"Doxorubicin Hydrochloride Liposome Injection, imported in dosages of 20 mg/10 mL and 50 mg/25 mL vials, is a cytotoxic anthracycline antibiotic. It is indicated for the treatment of patients with ovarian cancer, AIDS-related Kaposi’s sarcoma, and in combination with bortezomib in patients with multiple myeloma.","Injection de liposomes de doxorubicine chlorhydrate, importée sous forme de flacons de 20 mg/10 mL et 50 mg/25 mL, est un antibiotique anthracycline cytotoxique. Elle est indiquée dans le traitement des patientes atteintes de cancer de l'ovaire, du sarcome de Kaposi lié au SIDA, et en association avec le bortézomib chez les patients atteints de myélome multiple.",حقن دوكسوروبيسين هيدروكلورايد في شكل ليزومات، مستورد بجرعات 20 ملغ/10 مل و50 ملغ/25 مل في قوارير، وهو مضاد حيوي سيتوتوكسيكي من فئة الأنثراسيكلين. يُستخدم في علاج المرضى المصابين بسرطان المبيض، وساركوما كابوزي المرتبطة بفيروس نقص المناعة البشرية، وفي combination مع بورتيزوميب لدى المرضى المصابين بالورم النخاعي المتعدد.,,
N359744,"Images were provided in lieu of a sample. The product under consideration is described as the “SWASH” (Squeegee With Applicator Sponge and Handle). It is intended to be used to clean the user’s vehicle. It consists of two primary components, a plastic bucket with a carrying handle, and a squeegee/sponge with an aluminum handle. The lid for the bucket is attached to the squeegee/sponge handle as these two items are designed to be fitted together.","Des images ont été fournies à la place d’un échantillon. Le produit en question est décrit comme le « SWASH » (Raclette avec éponge applicatrice et manche). Il est destiné à être utilisé pour nettoyer le véhicule de l’utilisateur. Il se compose de deux composants principaux : un seau en plastique avec une poignée de transport, et une raclette/éponge avec un manche en aluminium. Le couvercle du seau est fixé au manche de la raclette/éponge, car ces deux éléments sont conçus pour être assemblés ensemble.","تم تقديم الصور بدلاً من عينة. يُوصف المنتج قيد النظر بأنه ""سواس"" (مسّاحة مزودة بإسفنجة تطبيق ومقبض). يُقصد استخدامه لتنظيف مركبة المستخدم. يتكون من مكونين رئيسيين: دلو بلاستيكي بمقبض حمل، ومسّاحة/إسفنجة بمقبض من الألومنيوم. يُثبَّت غطاء الدلو على مقبض المسّاحة/الإسفنجة، حيث صُمِّم هذان العنصران ليُجمعا معًا.",,
N358951,"The item under consideration has been identified as a gooseneck industrial trailer, model number LTH602T9000, with a tipping cassette. The trailer consists of a steel trailer chassis incorporating frame members, crossmembers, axles, suspension, braking system, and landing gear. It works together with a removable steel tipping cassette body engineered for mounting on the trailer chassis. The combined system forms a complete transport unit whose sole commercial function is the conveyance and discharge of goods. The cassette provides cargo containment and hydraulic tipping discharge capability when connected to an external hydraulic power source. The article contains no engine, drivetrain, or self propulsion mechanism and performs solely the transport of goods. The item is used in industrial, construction, mining, and bulk material handling environments for the movement and controlled discharge of loose materials such as soil, aggregate, or similar commodities. The article functions exclusively as a towed transport trailer. The essential character is imparted by the trailer. You state that the trailer and tipping cassette are imported together, shipped under a single bill of lading, and presented together at the time of entry. The merchandise functions as an integrated industrial transport configuration. The merchandise is composed predominantly of structural steel, including: Trailer frame and crossmembers Gooseneck and kingpin assembly Axle housings and suspension structures Tipping cassette body and reinforcements Steel hydraulic mounting structures Steel brackets and fasteners Non-steel components (minor proportion by weight) include: Tires and rubber elements Brake friction materials Hydraulic hoses, seals, and fluids Electrical wiring and lighting Paint and protective coatings Constructed of structural steel, with ancillary components containing small amounts of aluminum (e.g.","L'article en question a été identifié comme une remorque industrielle à col de cygne, numéro de modèle LTH602T9000, équipée d'une cassette basculante. La remorque se compose d'un châssis en acier intégrant des éléments de cadre, des traverses, des essieux, un système de suspension, un système de freinage et un train d'atterrissage. Elle fonctionne en conjonction avec un corps de cassette basculante en acier amovible, conçu pour être monté sur le châssis de la remorque. Le système combiné forme une unité de transport complète dont la fonction commerciale unique est le transport et la décharge de marchandises. La cassette assure le confinement de la cargaison et la capacité de décharge par basculement hydraulique lorsqu'elle est connectée à une source d'alimentation hydraulique externe. L'article ne contient aucun moteur, transmission ou mécanisme d'autopropulsion et ne remplit que la fonction de transport de marchandises. L'article est utilisé dans des environnements industriels, de construction, miniers et de manutention de matériaux en vrac pour le déplacement et la décharge contrôlée de matériaux meubles tels que le sol, les agrégats ou des marchandises similaires. L'article fonctionne exclusivement en tant que remorque de transport tractée. Le caractère essentiel est conféré par la remorque. Vous déclarez que la remorque et la cassette basculante sont importées ensemble, expédiées sous un connaissement unique et présentées ensemble au moment de l'entrée. La marchandise fonctionne comme une configuration de transport industriel intégrée. La marchandise est composée principalement d'acier structurel, y compris : Cadre de la remorque et traverses Assemblage du col de cygne et de la rotule Boîtiers d'essieu et structures de suspension Corps de la cassette basculante et renforts Structures de montage hydraulique en acier Supports et fixations en acier Les composants non en acier (proportion mineure par poids) comprennent : Pneus et éléments en caoutchouc Matériaux de friction de freinage Tuyaux hydrauliques, joints et fluides Câblage électrique et éclairage Peinture et revêtements protecteurs Construit en acier structurel, avec des composants accessoires contenant de petites quantités d'aluminium (par ex.",تم تحديد البند قيد النظر على أنه مقطورة صناعية عنق ربة، رقم الموديل LTH602T9000، مزودة بصندوق إلقاء. تتكون المقطورة من هيكل مقطورة فولاذي يتضمن أعضاء الإطار، والعوارض المستعرضة، والمحاور، ونظام التعليق، ونظام الفرامل، ومعدات الهبوط. تعمل هذه المقطورة بالتكامل مع جسم صندوق إلقاء فولاذي قابل للإزالة، مصمم للتركيب على هيكل المقطورة. يشكل النظام المجمع وحدة نقل كاملة وظيفتها التجارية الوحيدة هي نقل البضائع وتفريغها. يوفر الصندوق احتواءً للبضائع وإمكانية الإلقاء الهيدروليكي عند توصيله بمصدر طاقة هيدروليكي خارجي. لا يحتوي البند على محرك أو نظام دفع أو آلية دفع ذاتي، بل يؤدي وظيفة نقل البضائع فقط. يُستخدم البند في البيئات الصناعية والإنشائية والتعدينية ومناولة المواد السائبة لنقل وتفريغ المواد السائبة مثل التربة والركام أو السلع المشابهة بشكل مضبوط. يعمل البند حصرياً كمقطورة نقل مقطورة. يتم منح الطابع الأساسي بواسطة المقطورة. توضحون أن المقطورة وصندوق الإلقاء يتم استيرادهما معاً، وشحنهما بموجب بوليصة شحن واحدة، وتقديمهما معاً عند وقت الدخول. تعمل البضاعة كتكوين نقل صناعي متكامل. تتكون البضاعة بشكل رئيسي من الفولاذ الإنشائي، بما في ذلك: إطار المقطورة والعوارض المستعرضة، وتجمع عنق الربة والمسمار الملك، وأغلفة المحاور وهياكل التعليق، وجسم صندوق الإلاء والتعزيزات، وهياكل التركيب الهيدروليكية الفولاذية، والأقواس الفولاذية ومثبتات التثبيت. تشمل المكونات غير الفولاذية (بنسبة طفيفة من حيث الوزن): الإطارات والعناصر المطاطية، ومواد احتكاك الفرامل، وخطوط الهيدروليك والأختام والسوائل، والأسلاك الكهربائية والإضاءة، والطلاء والطلاقات الواقية. مصنوع من الفولاذ الإنشائي، مع مكونات ثانوية تحتوي على كميات صغيرة من الألومنيوم (مثل,,
N361285,"Thesehydraulically powered attachments are designed for use with excavators in metal processing, recycling,demolition, forestry, and similar applications. Engineered to deliver high cutting force, each shear features arotating heavy-duty metal body, a hydraulic cylinder, and a scissor-like jaw with cutting blades.","Ces accessoires à commande hydraulique sont conçus pour être utilisés avec des pelles excavatrices dans le traitement des métaux, le recyclage, la démolition, la sylviculture et des applications similaires. Conçus pour fournir une forte force de coupe, chaque cisaille est dotée d'un corps métallique lourd rotatif, d'un vérin hydraulique et d'une mâchoire en forme de ciseaux avec des lames de coupe.",هذه الملحقات المجهزة بالهيدروليك مصممة للاستخدام مع الحفارات في معالجة المعادن، وإعادة التدوير، والهدم، والغابات، وتطبيقات مماثلة. صُممت لتوفير قوة قطع عالية، وتتميز كل مقص بهيكل معدني ثقيل الدوار، وسطوانة هيدروليكية، وفك على شكل مقص مزود بشفرتي قطع.,,
N359819,"The merchandise under consideration is identified as item 741554, a set of two decorative artificial corn pieces. Each piece consists of a Styrofoam core that is wholly covered with glass beads representing corn kernels. Natural corn leaves are attached at the top of each piece, and the two corn forms are bound together with a jute rope.","La marchandise en question est identifiée comme l'article 741554, un ensemble de deux pièces de maïs artificielles décoratives. Chaque pièce est constituée d'un noyau en polystyrène entièrement recouvert de perles de verre représentant des grains de maïs. Des feuilles de maïs naturelles sont fixées au sommet de chaque pièce, et les deux formes de maïs sont liées ensemble par une corde en jute.",يُعرَّف البضاعة قيد النظر بالرقم 741554، وهي عبارة عن طقم مكون من قطعتين من الذرة الاصطناعية الزخرفية. تتكون كل قطعة من نواة من مادة الستايروفوم مغطاة بالكامل بحبات زجاجية تمثل حبات الذرة. وتُثبَّت أوراق ذرة طبيعية في الجزء العلوي من كل قطعة، بينما تُربط قطعتا الذرة معًا بحبل من الجوت.,,
N362099,"Images were provided in lieu of a sample. The product under consideration is described as “PSJH27 ARTIF WRTH MINI 2A,” item number DB1-RSMRA016BC. It includes two wreaths, one with blue plastic flowers and the other with pink plastic flowers. The flowers are attached to molded plastic stems, and both feature a mostly obscured wreath base made from toad vine. Your submission indicates that these wreaths are assembled by binding the components together with paper tape.","Des images ont été fournies à la place d’un échantillon. Le produit en question est décrit comme « PSJH27 ARTIF WRTH MINI 2A », numéro d’article DB1-RSMRA016BC. Il comprend deux couronnes, l’une avec des fleurs en plastique bleues et l’autre avec des fleurs en plastique roses. Les fleurs sont fixées à des tiges en plastique moulé, et les deux présentent une base de couronne principalement masquée, fabriquée en liane de grenouille. Votre soumission indique que ces couronnes sont assemblées en liant les composants ensemble avec du ruban adhésif en papier.","تم تقديم الصور بدلاً من عينة. يُوصف المنتج قيد النظر بأنه ""PSJH27 ARTIF WRTH MINI 2A""، برقم الصنف DB1-RSMRA016BC. يتضمن المنتج إكليلين، أحدهما مزهر بأزهار بلاستيكية زرقاء والآخر بأزهار بلاستيكية وردية. تُثبَّت الأزهار على سيقان بلاستيكية مصبوبة، ويحتوي كلا الإكليلين على قاعدة إكليل مغطاة في الغالب مصنوعة من نبات الضفدع. يشير تقديمكم إلى أن هذه الإكليلات تُجمَّع عن طريق ربط المكونات معاً باستخدام شريط ورقي.",,
N348144,"Our response was delayed due to laboratory analysis. The sample was destroyed during this analysis. Style 239752 is a women’s knit sweater stated to be constructed from 50 percent cotton, 31 percent polyester, 12 percent polyamide, 6 percent elastane, and 1 percent metallic knit fabric. The outer surface of the garment’s fabric measures less than 9 stitches per 2 centimeters in the direction the stitches were formed. Style 239752 features a crew neckline, long sleeves with ribbed cuffs, decorative sequins, and a ribbed bottom. The garment extends below the waist.","Notre réponse a été retardée en raison d’une analyse de laboratoire. L’échantillon a été détruit au cours de cette analyse. Le modèle 239752 est un pull tricoté pour femme, déclaré comme étant composé de 50 % de coton, 31 % de polyester, 12 % de polyamide, 6 % d’élasthanne et 1 % de tissu métallisé tricoté. La surface extérieure du tissu du vêtement présente moins de 9 mailles par 2 centimètres dans le sens de formation des mailles. Le modèle 239752 est doté d’un col rond, de manches longues avec poignets côtelés, de paillettes décoratives et d’une bordure côtelée. Le vêtement descend en dessous de la taille.",تأخر ردنا بسبب التحليل المخبري. تم تدمير العينة أثناء هذا التحليل. الطراز 239752 هو سترة نسائية محبوكة يُصرح بأنها مصنوعة من 50٪ قطن، و31٪ بوليستر، و12٪ بولي أميد، و6٪ إيلاستان، و1٪ قماش محبوك معدني. يقيس السطح الخارجي لنسيج الملابس أقل من 9 غرز لكل سنتيمترين في اتجاه تشكيل الغرز. يتميز الطراز 239752 بياقة دائرية، وأكمام طويلة بأكمام محبوكة، وخرزات زخرفية، وقاع محبوك. تمتد الملابس أسفل الخصر.,,
N352666,"The merchandise under consideration is referred to as Copenhagen stone. Samples were submitted with your ruling request and were forwarded to the Customs and Border Protection Laboratory for analysis. This analysis has been completed. Copenhagen is a cream, light gray, charcoal, and amber mottled stone with a polished surface. From the information you provided, it measures approximately 125 inches long by 78 inches wide by 2 or 3 centimeters thick, and is designed for use in such applications as countertops, backsplashes, and flooring. Laboratory analysis has determined that Copenhagen is an other igneous stone.","La marchandise en question est désignée sous le nom de pierre de Copenhague. Des échantillons ont été soumis avec votre demande de décision et ont été transmis au Laboratoire de la Protection des frontières et du commerce pour analyse. Cette analyse a été achevée. La pierre de Copenhague est une pierre mouchetée de couleur crème, gris clair, charbon et ambre, à surface polie. D'après les informations que vous avez fournies, elle mesure environ 125 pouces de long sur 78 pouces de large et 2 ou 3 centimètres d'épaisseur, et est conçue pour des applications telles que les plans de travail, les crédences et les revêtements de sol. L'analyse de laboratoire a déterminé que la pierre de Copenhague est une autre pierre ignée.",يُشار إلى البضاعة قيد النظر باسم حجر كوبنهاغن. وقد قُدمت عينات مع طلبك للحصول على حكم جمركي، وأُرسلت إلى مختبر الجمارك وحماية الحدود للتحليل. وقد اكتمل هذا التحليل. كوبنهاغن هو حجر مرقط بألوان الكريمي، الرمادي الفاتح، الفحمي، والعنبري، ذو سطح مصقول. بناءً على المعلومات التي قدمتها، تبلغ أبعاده تقريباً 125 بوصة في الطول و78 بوصة في العرض و2 أو 3 سنتيمترات في السماكة، وهو مصمم للاستخدام في تطبيقات مثل أسطح العمل، وألواح الجدران الخلفية، والأرضيات. وقد حدد التحليل المخبري أن كوبنهاغن حجر ناري آخر.,,
N361144,"The machine utilizes a high-speed spindle equipped with a circulardiamond blade to singulate individual integrated circuits (die) from a processed silicon wafer. The singulationprocess involves securing the wafer on a vacuum chuck, automatically aligning the cutting path to a precisionof 0.001 mm, and performing a “full-cut” through the wafer using a diamond blade rotating at speeds up to60,000 rpm. The DAD3231 emphasizes high performance and expandability, with an option to handle up to8-inch wafers.","La machine utilise un mandrin haute vitesse équipé d'une lame diamantée circulaire pour découper individuellement les circuits intégrés (puces) à partir d'une plaque de silicium traitée. Le processus de découpe consiste à fixer la plaque sur un porte-plaque à vide, à aligner automatiquement le trajet de coupe avec une précision de 0,001 mm et à effectuer une « coupe complète » à travers la plaque à l'aide d'une lame diamantée tournant à des vitesses allant jusqu'à 60 000 tr/min. Le modèle DAD3231 met l'accent sur les hautes performances et l'extensibilité, avec une option permettant de traiter des plaques de 8 pouces.","تستغل هذه الآلة عمود دوران عالي السرعة مزودًا بشفرة ماسية دائرية لفصل الدوائر المتكاملة الفردية (الرقائق) عن رقاقة السيليكون المعالجة. يتضمن عملية الفصل تثبيت الرقاقة على قاعدة شفط هوائي، ومحاذاة مسار القطع تلقائيًا بدقة تصل إلى 0.001 مم، وتنفيذ قطع كامل عبر الرقاقة باستخدام شفرة ماسية تدور بسرعة تصل إلى 60,000 دورة في الدقيقة. يركز نموذج DAD3231 على الأداء العالي وقابلية التوسع، مع خيار للتعامل مع رقائق يصل قطرها إلى 8 بوصات.",,
N363468,"The merchandise under consideration, identified by model number DSPx 2.4, is described as a digital signal processor (DSP) used within high-performance loudspeaker systems. The subject device is comprised of various electronic components, including an onboard DSP chipset, enclosed within a metal housing. The front of the device includes a rotary dial, while the back is equipped with various input and output connections. These include analog audio, i.e. RCA and XLR, digital audio, i.e. S/PDIF, as well as wireless connectivity. You state that the device is designed to receive and process an audio signal from an input source. This processing includes the conversion of a digital signal to analog to be used by various outputs, such as speakers, tweeter, subwoofers, etc. Additionally, the device can divide the frequencies, perform equalization, and adjust levels across various channels. We note that the device does not perform any amplification of sound.","La marchandise en question, identifiée par le numéro de modèle DSPx 2.4, est décrite comme un processeur de signal numérique (DSP) utilisé au sein de systèmes d'enceintes haute performance. L'appareil concerné est composé de divers composants électroniques, y compris un jeu de puces DSP embarqué, le tout enfermé dans un boîtier métallique. La face avant de l'appareil comporte un cadran rotatif, tandis que l'arrière est équipé de diverses connexions d'entrée et de sortie. Celles-ci comprennent l'audio analogique, à savoir RCA et XLR, l'audio numérique, à savoir S/PDIF, ainsi que la connectivité sans fil. Vous déclarez que l'appareil est conçu pour recevoir et traiter un signal audio provenant d'une source d'entrée. Ce traitement comprend la conversion d'un signal numérique en analogique pour être utilisé par diverses sorties, telles que les haut-parleurs, les tweeters, les caissons de basses, etc. De plus, l'appareil peut diviser les fréquences, effectuer une égalisation et ajuster les niveaux sur divers canaux. Nous notons que l'appareil n'effectue aucun amplification du son.",السلعة قيد النظر، والمُعرَّفة برقم الموديل DSPx 2.4، تُوصف بأنها معالج إشارة رقمية (DSP) يُستخدم ضمن أنظمة مكبرات الصوت عالية الأداء. يتكون الجهاز المعني من مكونات إلكترونية متنوعة، بما في ذلك مجموعة شرائح DSP مدمجة، محاطة بهيكل معدني. يتضمن الجزء الأمامي من الجهاز قرصاً دوّاراً، بينما يُجهَّز الجزء الخلفي بمختلف وصلات الإدخال والإخراج. وتشمل هذه الوصلات الصوت التناظري، أي RCA وXLR، والصوت الرقمي، أي S/PDIF، فضلاً عن الاتصال اللاسلكي. تُصرّحون بأن الجهاز مصمَّم لاستقبال ومعالجة إشارة صوتية من مصدر إدخال. وتشمل هذه العملية تحويل الإشارة الرقمية إلى تناظرية لاستخدامها في مخرجات متنوعة، مثل السماعات، والمكبرات الحادة (تويتر)، ومكبرات الصوت العميقة (ساب ووفر)، وغيرها. بالإضافة إلى ذلك، يمكن للجهاز تقسيم الترددات، وتنفيذ التساوي (المساواة)، وضبط المستويات عبر قنوات مختلفة. نلاحظ أن الجهاز لا يؤدي أي تضخيم للصوت.,,
N357253,"Indocyanine Green Injection, imported in 25 mg vials, is a diagnostic reagent indicated for visualization of vessels, blood flow and tissue perfusion, visualization of extrahepatic biliary ducts, lymphatic mapping of cervical and uterine cancer, and ophthalmic angiography in patients.","Injection de vert d'indocyanine, importée en flacons de 25 mg, est un réactif de diagnostic indiqué pour la visualisation des vaisseaux, du flux sanguin et de la perfusion tissulaire, la visualisation des voies biliaires extra-hépatiques, le marquage lymphatique des cancers du cou et de l'utérus, et l'angiographie ophtalmique chez les patients.",حقن الأخضر الإندوسيانيني، المستورد في أمبولات بحجم 25 ملغ، هو عامل تشخيصي يُستخدم لتوضيح الأوعية الدموية وتدفق الدم وتروية الأنسجة، وتوضيح القنوات الصفراوية خارج الكبد، ورسم خريطة للأوعية اللمفاوية في سرطان عنق الرحم وسرطان الرحم، والتصوير الشعاعي بالأوعية الدموية في العيون لدى المرضى.,,
N359659,"The merchandise under consideration is identified as a rechargeable lithium polymer battery, part number ICP241019, and is described as an ultra-thin, rectangular pouch cell with lead wires. It measures approximately 18.5 millimeters in length, 11.2 millimeters in width, and 2.4 millimeters in thickness. In the United States, the battery will be incorporated into a glucose sensor transmitter, which is a component of a glucose monitoring system. The function of the glucose sensor transmitter is to gather data, such as voltages, electrochemical impedance, and other readings, which are then transmitted to a display device. The battery powers the transmitter and has a nominal voltage of 3.7 VDC and a nominal capacity of 25 mAh.","La marchandise en question est identifiée comme une batterie rechargeable au polymère de lithium, numéro de pièce ICP241019, et est décrite comme une cellule à poche rectangulaire ultra-fine avec fils de raccordement. Elle mesure environ 18,5 millimètres de longueur, 11,2 millimètres de largeur et 2,4 millimètres d'épaisseur. Aux États-Unis, la batterie sera intégrée dans un émetteur de capteur de glucose, qui est un composant d'un système de surveillance du glucose. La fonction de l'émetteur de capteur de glucose est de collecter des données, telles que des tensions, l'impédance électrochimique et d'autres mesures, qui sont ensuite transmises à un dispositif d'affichage. La batterie alimente l'émetteur et possède une tension nominale de 3,7 VCC et une capacité nominale de 25 mAh.",يُعرَّف البضاعة قيد النظر على أنها بطارية ليثيوم بوليمر قابلة لإعادة الشحن، برقم القطعة ICP241019، وتُوصف بأنها خلية مستطيلة الشكل رفيعة للغاية من نوع الحقيبة مع أسلاك توصيل. تبلغ أبعادها تقريباً 18.5 ملم في الطول، و11.2 ملم في العرض، و2.4 ملم في السماكة. في الولايات المتحدة، ستُدمج البطارية في مُرسِل مستشعر الجلوكوز، وهو مكوّن من نظام مراقبة الجلوكوز. وظيفة مُرسِل مستشعر الجلوكوز هي جمع البيانات، مثل الجهد، ومقاومة الكهروكيميائية، وقراءات أخرى، ثم إرسالها إلى جهاز عرض. تزوّد البطارية المُرسِل بالطاقة، ولديها جهد اسمي يبلغ 3.7 فولت تيار مستمر، وسعة اسمية تبلغ 25 مللي أمبير-ساعة.,,
N359763,"The merchandise under consideration is the LytxOne™ camera module, which is a dual-channel camera designed to attach to the LytxOne™ Gateway, referred to as model/variant ""dual-channel windshield-mount camera unit."" This camera module captures video images and transmits them to the connected gateway for processing and recording. Moreover, this camera mounts onto a vehicle windshield and provides simultaneous road-facing and driver-facing video capture. The subject camera cannot record images.","La marchandise en question est le module caméra LytxOne™, une caméra à double canal conçue pour être connectée à la passerelle LytxOne™, désignée sous le modèle/variante « unité de caméra à double canal montée sur pare-brise ». Ce module caméra capture des images vidéo et les transmet à la passerelle connectée pour traitement et enregistrement. De plus, cette caméra se fixe sur le pare-brise d'un véhicule et assure une capture vidéo simultanée orientée vers la route et vers le conducteur. La caméra en cause ne peut pas enregistrer d'images.","السلعة قيد النظر هي وحدة كاميرا LytxOne™، وهي كاميرا ثنائية القناة مصممة للتثبيت على بوابة LytxOne™، ويُشار إليها باسم النموذج/التنوع ""وحدة كاميرا ثنائية القناة مثبتة على الزجاج الأمامي"". تلتقط هذه الوحدة الكاميرا صوراً فيديو وتنقلها إلى البوابة المتصلة لمعالجتها وتسجيلها. علاوة على ذلك، تُثبَّت هذه الكاميرا على زجاج السيارة الأمامي وتوفر التقاط فيديو متزامناً للطرقات وللسائق. ولا يمكن للكاميرا المعنية تسجيل الصور.",,
N346242,"A sample swatch was provided to this office and was sent for laboratory analysis. The sample will be retained for reference purposes. FACTS: The U.S. Customs and Border Protection Laboratory (CBP Laboratory) has determined that the sample, described as “Gauze Fabric,” is a bleached fabric of plain weave construction. It will be imported in several sizes and with multiple-plies. The sample contains a single blue thread near the top of the swatch. The fabric weighs 19.7 g/m2 and is composed of 100 percent cotton fibers. The fabric is composed of single ply yarns in both the warp and filling direction. Additionally, the fabric contains 7 warp ends per one centimeter and 4 filling picks per one centimeter. The average yarn number for this fabric has been calculated to be 56 in the metric system. You indicate that this fabric will be used as gauze to cover wounds and absorb fluids. Upon further correspondence, you state that the blue thread is x-ray detectable and made by an extrusion of polymer with barium sulphate. In your request, you state that the manufacturing process for the gauze fabric is as follows: Vietnam Cotton fibers are made into cotton yarns The cotton yarns are woven into cotton fabrics The cotton fabrics are prepared into rolls and shipped to China China The cotton fabrics are cut and folded to proper sizes. The blue thread is added. The gauze is packed into bags and shipped to the United States.","Un échantillon a été fourni à ce bureau et a été envoyé pour analyse en laboratoire. L'échantillon sera conservé à des fins de référence. FAITS : Le Laboratoire de la Protection frontalière et des douanes des États-Unis (Laboratoire CBP) a déterminé que l'échantillon, décrit comme « Tissu en gaze », est un tissu blanchi de construction toile. Il sera importé en plusieurs tailles et en plusieurs plis. L'échantillon contient un fil bleu unique près du haut de l'échantillon. Le tissu pèse 19,7 g/m² et est composé de 100 % de fibres de coton. Le tissu est composé de fils simples dans les deux directions, chaîne et trame. De plus, le tissu contient 7 fils de chaîne par centimètre et 4 fils de trame par centimètre. Le numéro moyen de fil pour ce tissu a été calculé à 56 dans le système métrique. Vous indiquez que ce tissu sera utilisé comme gaze pour couvrir les plaies et absorber les fluides. Dans une correspondance ultérieure, vous déclarez que le fil bleu est détectable aux rayons X et est fabriqué par extrusion de polymère avec du sulfate de baryum. Dans votre demande, vous déclarez que le processus de fabrication du tissu en gaze est le suivant : Les fibres de coton du Vietnam sont transformées en fils de coton. Les fils de coton sont tissés en tissus de coton. Les tissus de coton sont préparés en rouleaux et expédiés en Chine. En Chine, les tissus de coton sont coupés et pliés aux dimensions appropriées. Le fil bleu est ajouté. La gaze est emballée dans des sacs et expédiée aux États-Unis.","تم تقديم عينة قماش إلى هذا المكتب وأُرسلت لتحليل مخبري. ستُحتفظ بالعينة لأغراض المرجعية. الوقائع: حدد المختبر التابع لجمارك وحماية الحدود الأمريكية (مختبر CBP) أن العينة، الموصوفة بأنها ""قماش شاش""، هي قماش مبيض ذو نسيج مسطح. سيتم استيراده بعدة أحجام وبطبقات متعددة. تحتوي العينة على خيط أزرق واحد بالقرب من أعلى العينة. يزن القماش 19.7 غرام/متر مربع ويتكون من ألياف قطن بنسبة 100 في المائة. يتكون القماش من خيوط أحادية الطبقة في كل من اتجاهات السداة والحشو. بالإضافة إلى ذلك، يحتوي القماش على 7 خيوط سداة لكل سنتيمتر واحد و4 خيوط حشو لكل سنتيمتر واحد. تم حساب متوسط رقم الخيط لهذا القماش ليكون 56 في النظام المتري. تشير إلى أن هذا القماش سيُستخدم كشاش لتغطية الجروح وامتصاص السوائل. في المراسلات اللاحقة، ذكرت أن الخيط الأزرق قابل للكشف بالأشعة السينية ومصنوع من بوليمر مُمدد يحتوي على كبريتات الباريوم. في طلبك، ذكرت أن عملية تصنيع قماش الشاش هي كالتالي: تُصنع ألياف القطن في فيتنام إلى خيوط قطنية. تُنسج خيوط القطن إلى أقمشة قطنية. تُجهز أقمشة القطن على شكل لفافات وتُشحن إلى الصين. في الصين، تُقطع أقمشة القطن وتُطوى إلى الأحجام المناسبة. يُضاف الخيط الأزرق. يُعبأ الشاش في أكياس ويُشحن إلى الولايات المتحدة.",,
N362900,"The merchandise under consideration is an evergreen tree-shaped decorative article, identified as item number 865735. The article is made of high borosilicate glass and measures approximately 10 inches high by 4.7 inches wide by 3.5 inches deep. The glass material is golden in color. The item features internal LEDs which, when switched on, provide a soft, gentle glow, enhancing the decorative effect of the article. You indicated in your letter that the unit value of the item is $5.00 each. The glass is not glass-ceramic, lead crystal, or pressed and toughened (specially tempered).","La marchandise en question est un article décoratif en forme d'arbre de Noël, identifié par le numéro d'article 865735. L'article est fabriqué en verre borosilicate haute teneur et mesure environ 10 pouces de hauteur, 4,7 pouces de largeur et 3,5 pouces de profondeur. Le matériau en verre est de couleur dorée. L'article est équipé de LED internes qui, lorsqu'elles sont activées, émettent un éclat doux et délicat, rehaussant l'effet décoratif de l'article. Vous avez indiqué dans votre lettre que la valeur unitaire de l'article est de 5,00 $ par pièce. Le verre n'est ni en céramique de verre, ni en cristal de plomb, ni en verre pressé et trempé (spécialement trempé).",السلعة قيد النظر هي قطعة زخرفية على شكل شجرة دائمة الخضرة، معرّفة برقم الصنف 865735. تتكون القطعة من زجاج بوروسيليكات عالي البورون، وتبلغ أبعادها تقريباً 10 بوصات في الارتفاع و4.7 بوصات في العرض و3.5 بوصات في العمق. لون مادة الزجاج ذهبي. تتميز القطعة بمصابيح LED داخلية توفر، عند تشغيلها، توهجاً ناعماً ولطيفاً، مما يعزز التأثير الزخرفي للقطعة. لقد أشرتَ في رسالتك إلى أن القيمة الوحيدة للقطعة هي 5.00 دولارات أمريكية لكل وحدة. الزجاج ليس زجاجاً سيراميكياً، ولا بلورات رصاصية، ولا مضغوطاً ومقوّى (معالجاً حرارياً بشكل خاص).,,
N362083,"It contains nitrogen, phosphate, micronutrients (zinc, manganese, boron), and biostimulants including a seaweed extract. The production process is described as follows: Production occurs entirely in Canada. The process includes charging water, adding acids, dissolving micronutrient salts, incorporating a seaweed extract (Kelpak), and blending additional inputs including borate, nickel chloride, urea, and a polymer stabilizer. The process involves controlled sequencing, high-shear mixing, dissolution verification, and quality control testing to produce a homogeneous, stable formulation. The raw materials originate from multiple countries, including Canada and non-USMCA countries. You submit that the processing in Canada constitutes a substantial transformation of the raw materials. You state that the production process in Canada constitutes more than simple blending. The individual inputs, which are industrial or intermediate materials, are transformed through controlled formulation into a distinct seed treatment product with a new name, character, and use. The functionality of the finished product depends on the precise interaction of its components, which do not independently provide the intended agronomic performance. Once processed, the materials lose their individual identity and cannot be practically separated, resulting in a new and commercially distinct product. The finished product is a specialized, commercially recognized seed treatment fertilizer not achievable through simple combination at the point of use.","Il contient de l'azote, du phosphate, des oligo-éléments (zinc, manganèse, bore) et des biostimulants, y compris un extrait d'algues marines. Le processus de production est décrit comme suit : La production a lieu entièrement au Canada. Le processus comprend le chargement de l'eau, l'ajout d'acides, la dissolution des sels d'oligo-éléments, l'incorporation d'un extrait d'algues marines (Kelpak) et le mélange d'autres intrants, y compris du borate, du chlorure de nickel, de l'urée et d'un stabilisant polymère. Le processus implique une séquence contrôlée, un mélange à haute cisaillement, une vérification de la dissolution et des tests de contrôle qualité pour produire une formulation homogène et stable. Les matières premières proviennent de plusieurs pays, y compris le Canada et des pays non membres de l'ACEUM. Vous soutenez que le traitement au Canada constitue une transformation substantielle des matières premières. Vous affirmez que le processus de production au Canada constitue plus qu'un simple mélange. Les intrants individuels, qui sont des matériaux industriels ou intermédiaires, sont transformés par une formulation contrôlée en un produit distinct de traitement des semences doté d'un nouveau nom, d'un nouveau caractère et d'une nouvelle utilisation. La fonctionnalité du produit fini dépend de l'interaction précise de ses composants, qui ne fournissent pas indépendamment les performances agronomiques souhaitées. Une fois traités, les matériaux perdent leur identité individuelle et ne peuvent pas être séparés de manière pratique, résultant en un nouveau produit commercialement distinct. Le produit fini est un engrais spécialisé de traitement des semences, commercialement reconnu, qui ne peut pas être obtenu par une simple combinaison au point d'utilisation.",يحتوي على النيتروجين والفوسفات والعناصر الدقيقة (الزنك، المنغنيز، البورون) ومحفزات النمو بما في ذلك مستخلص الأعشاب البحرية. يتم وصف عملية الإنتاج على النحو التالي: يتم الإنتاج بالكامل في كندا. تشمل العملية شحن الماء، وإضافة الأحماض، وإذابة أملاح العناصر الدقيقة، وإدراج مستخلص الأعشاب البحرية (كيباك)، وخلط مدخلات إضافية تشمل البورات وكلوريد النيكل واليوريا ومثبت بوليمري. تتضمن العملية تسلسلاً مضبوطاً، وخلطاً عالي القص، والتحقق من الذوبان، واختبارات مراقبة الجودة لإنتاج تركيبة متجانسة ومستقرة. تنحدر المواد الخام من عدة دول، بما في ذلك كندا ودول غير تابعة لاتفاقية USMCA. تزعمون أن المعالجة في كندا تشكل تحوّلاً جوهرياً للمواد الخام. توضحون أن عملية الإنتاج في كندا تشكل أكثر من مجرد خلط بسيط. يتم تحويل المدخلات الفردية، التي هي مواد صناعية أو وسيطة، من خلال الصياغة المضبوطة إلى منتج متميز لمعالجة البذور يحمل اسماً وطابعاً واستخداماً جديدين. يعتمد أداء المنتج النهائي الوظيفي على التفاعل الدقيق لمكوناته، والتي لا توفر بشكل مستقل الأداء الزراعي المقصود. بمجرد المعالجة، تفقد المواد هويتها الفردية ولا يمكن فصلها عملياً، مما يؤدي إلى منتج جديد ومتميز تجارياً. المنتج النهائي هو سماد متخصص ومُعترف به تجارياً لمعالجة البذور، لا يمكن تحقيقه من خلال الجمع البسيط عند نقطة الاستخدام.,,
N362170,"You submitted a photograph and a detailed description of an item identified as Harvest Fabric Bow Tie, item number BCBS2027H001, which consists of a single-sided wall or door hanging decoration. Although the requestor identifies the item as a “bow tie,” the item cannot be worn as a necktie. The item features a jute loop for hanging on a wall or door. The decoration depicts a bow with long tails prominently featuring a cutout leaf design with the printed greeting “Happy Thanksgiving.” The leaf design is permanently attached to the knot of the stuffed textile bow. The stuffed bow decoration measures approximately 12"" long x 2” wide x 16"" high.","Vous avez soumis une photographie et une description détaillée d'un article identifié comme « Nœud papillon en tissu Harvest », numéro d'article BCBS2027H001, qui consiste en une décoration murale ou de porte à face unique. Bien que le demandeur identifie l'article comme un « nœud papillon », celui-ci ne peut pas être porté comme une cravate. L'article est doté d'une boucle en jute pour le suspendre à un mur ou à une porte. La décoration représente un nœud avec de longues queues, mettant en évidence un motif de feuille découpé avec le message imprimé « Joyeux Thanksgiving ». Le motif de feuille est fixé de manière permanente au nœud du nœud papillon en tissu rembourré. La décoration en forme de nœud rembourré mesure environ 12 pouces de long x 2 pouces de large x 16 pouces de haut.","لقد قمت بتقديم صورة ووصف مفصل لمنتج تم تحديده باسم ""ربطة عنق قماش الحصاد""، برقم المنتج BCBS2027H001، والذي يتكون من زينة معلقة أحادية الجانب للجدران أو الأبواب. على الرغم من أن مقدم الطلب يصف المنتج بأنه ""ربطة عنق""، إلا أن المنتج لا يمكن ارتداؤه كعقدة عنق. يتميز المنتج بحلقة من الجوت لتعليقه على الجدار أو الباب. تصور الزينة عقدة عنق بأذرع طويلة تتميز بشكل بارز بتصميم ورقة مقصوصة مع عبارة التهنئة المطبوعة ""عيد الشكر سعيد"". يتم تثبيت تصميم الورقة بشكل دائم على عقدة زينة العقدة المصنوعة من القماش المحشو. تبلغ أبعاد زينة العقدة المحشوة حوالي 12 بوصة طولاً × 2 بوصة عرضاً × 16 بوصة ارتفاعاً.",,
N355239,"The merchandise under consideration is referred to as Andino White stone. A sample was submitted with your ruling request and was forwarded to the Customs and Border Protection Laboratory for analysis. This analysis has been completed. Andino White is a cream-colored stone mottled with gray and dark red flecks. From the information you provided, it will measure between 115 to 122 inches in length, between 65 to 75 inches in width, and either 0.75 inches or 1.5 inches in thickness. After importation, it will be cut to size and shape for such applications as kitchen countertops, bathroom surfaces, and surfaces for office furniture. Laboratory analysis has determined that Andino White is an other igneous rock comprised predominantly of quartz and plagioclase feldspars. The top and sides are polished and the edges are beveled.","La marchandise en question est désignée sous le nom de pierre Andino White. Un échantillon a été soumis avec votre demande de décision et a été transmis au Laboratoire de la Protection des frontières et des douanes pour analyse. Cette analyse a été achevée. L'Andino White est une pierre de couleur crème, marbrée de taches grises et de mouchetures rouge foncé. D'après les informations que vous avez fournies, elle mesurera entre 115 et 122 pouces de longueur, entre 65 et 75 pouces de largeur, et aura une épaisseur de 0,75 pouce ou de 1,5 pouce. Après l'importation, elle sera découpée aux dimensions et formes requises pour des applications telles que les plans de travail de cuisine, les surfaces de salle de bain et les surfaces de mobilier de bureau. L'analyse de laboratoire a déterminé que l'Andino White est une autre roche ignée composée principalement de quartz et de feldspaths plagioclases. Le dessus et les côtés sont polis et les arêtes sont chanfreinées.","يُشار إلى البضاعة قيد النظر باسم حجر ""أندينو وايت"". وقد تم تقديم عينة مع طلبك للحصول على حكم جمركي، وتم إحالتها إلى مختبر الجمارك وحماية الحدود للتحليل. وقد اكتمل هذا التحليل. حجر ""أندينو وايت"" هو حجر بلون كريمي مرقع ببقع رمادية ونقاط حمراء داكنة. بناءً على المعلومات التي قدمتها، ستكون أبعاده بين 115 و122 بوصة في الطول، وبين 65 و75 بوصة في العرض، وبسماكة 0.75 بوصة أو 1.5 بوصة. بعد الاستيراد، سيتم قصه إلى المقاسات والأشكال المناسبة لتطبيقات مثل أسطح المطابخ، وأسطح الحمامات، وأسطح أثاث المكاتب. وقد حدد التحليل المخبري أن ""أندينو وايت"" هو صخر ناري آخر يتكون بشكل رئيسي من الكوارتز وفلسبار البلاجيوكلاز. يتم صقل الوجه العلوي والجوانب، وتكون الحواف مائلة.",,
N357693,"The product under consideration is “Corrugated Plate TES15-001” which is made to SI-Steel grade 500B400. This alloy steel is cut into sheets and then shaped by a ladder-type corrugation process, resulting in a ribbed/angular pattern. The finished product measures 680 mm in width, 655 mm in length, and 0.5 mm in thickness.","Le produit en question est la « plaque nervurée TES15-001 », fabriquée selon la norme SI-Steel grade 500B400. Cet acier allié est découpé en feuilles puis formé par un processus de nervurage en échelle, résultant en un motif nervuré/angulaire. Le produit fini mesure 680 mm de largeur, 655 mm de longueur et 0,5 mm d'épaisseur.","المنتج قيد النظر هو ""الصفائح المجفنة TES15-001"" المصنوعة وفق درجة SI-Steel 500B400. يتم قطع هذا الفولاذ السبائكي إلى ألواح ثم تشكيله بعملية تجفيف على شكل سلالم، مما ينتج عنه نمط محزوز/زاوي. تبلغ أبعاد المنتج النهائي 680 مم في العرض، و655 مم في الطول، و0.5 مم في السماكة.",,
N361312,The armholes are raw and unfinished.The vest has five non-functional buttons stitched down the front.,Les emmanchures sont brutes et non finies. Le gilet est doté de cinq boutons non fonctionnels cousus sur le devant.,فتحات الأكمام غير مكتملة وغير منتهية. يحتوي السترة على خمسة أزرار غير وظيفية مخيطة على الأمام.,,
N360766,"The item under consideration has been identified as a tanker trailer, schematic drawing LL740011000002, that allows end-users to pump propane fluid through a secured coupling into the tank, which compresses the contents, allowing for the contents to be extracted from a dedicated service valve when desired. You state that the tank pressure is monitored through a pressure gauge and can often be adjusted with a release valve and regulator. The precise suite of valves and gauge ports can be adjusted per customer specification. When shipped into the United States, the tanks consist of the tank body, the wheels, a suite of valves, and a tow lug attachment, which allows the tank to be towed at low speeds by an offroad motorized vehicle, tractor, or even by a beast of burden. The tow lug attachment allows the propane to be transported and used in an off-road setting for applications such as: Heating various facilities (such as livestock housing) Powering certain machinery Drying harvested grains/crops; and Flame-clearing fields You state that because these propane trailers are mobile, they eliminate the need for separate propane tanks at each task location. The tanker trailers tanks are produced to the following industrial standard: ASME Section VIII, NFPA 58, NBIC. The heads and shells of the tank portion of the propane trailer are produced from hot rolled coil (“HRC”), typically SA-414C (Carbon Steel); the tank heads are typically made from SA-285C HRC (Carbon Steel); and the shells are typically made from SA-455 HRC (Stainless Steel). The non-steel components consist of valves, gauges, coatings (epoxy primer, and polyester topcoat), weld wire, flux, and decals. Depending upon the size, these tanker trailers weigh between 1,582 pounds (for a 250 Water Guage (WG) units) and 5,989 (for a 1000WG unit).","L'article en question a été identifié comme une remorque-citerne, dessin schématique LL740011000002, qui permet aux utilisateurs finaux de pomper du propane liquide à travers un raccordement sécurisé dans le réservoir, ce qui comprime le contenu, permettant ainsi l'extraction de celui-ci par une vanne de service dédiée lorsque souhaité. Vous indiquez que la pression du réservoir est surveillée par un manomètre et peut souvent être ajustée à l'aide d'une vanne de décharge et d'un régulateur. L'ensemble précis des vannes et des ports de manomètres peut être adapté selon les spécifications du client. Lors de l'expédition aux États-Unis, les réservoirs se composent du corps du réservoir, des roues, d'un ensemble de vannes et d'un attelage de remorquage, qui permet de remorquer le réservoir à faible vitesse par un véhicule motorisé tout-terrain, un tracteur, ou même par une bête de somme. L'attelage de remorquage permet de transporter et d'utiliser le propane dans un environnement hors route pour des applications telles que : le chauffage de diverses installations (telles que les logements pour le bétail), l'alimentation de certaines machines, le séchage des grains/récoltes récoltés ; et le défrichage des champs par le feu. Vous indiquez que, parce que ces remorques à propane sont mobiles, elles éliminent le besoin de réservoirs à propane séparés à chaque lieu de travail. Les réservoirs des remorques-citernes sont produits conformément aux normes industrielles suivantes : ASME Section VIII, NFPA 58, NBIC. Les fonds et les coques de la partie réservoir de la remorque à propane sont fabriqués à partir de bobine laminée à chaud (« HRC »), généralement en SA-414C (acier au carbone) ; les fonds du réservoir sont généralement fabriqués à partir de SA-285C HRC (acier au carbone) ; et les coques sont généralement fabriquées à partir de SA-455 HRC (acier inoxydable). Les composants non en acier se composent de vannes, de manomètres, de revêtements (primer époxy et couche de finition en polyester), de fil de soudage, de flux et de décals. Selon la taille, ces remorques-citernes pèsent entre 1 582 livres (pour une unité de 250 Water Guage (WG)) et 5 989 livres (pour une unité de 1000 WG).","تم تحديد البند قيد النظر على أنه مقطورة خزان، مخطط رقم LL740011000002، يتيح للمستخدمين النهائيين ضخ سائل البروبان عبر وصلة آمنة إلى الخزان، مما يؤدي إلى ضغط محتوياته، مما يسمح باستخراج المحتويات من صمام خدمة مخصص عند الحاجة. توضحون أن ضغط الخزان يُراقب من خلال مقياس ضغط، وغالباً ما يمكن ضبطه بصمام تحرير ومنظم. يمكن تعديل مجموعة الصمامات وموانع القياس الدقيقة وفقاً لمواصفات العميل. عند الشحن إلى الولايات المتحدة، تتكون الخزانات من جسم الخزان، والعجلات، ومجموعة من الصمامات، وتوصيلة مقبض السحب، والتي تتيح سحب الخزان بسرعات منخفضة بواسطة مركبة آلية خارج الطرق، أو جرار، أو حتى بواسطة حيوان حِمل. تتيح توصيلة مقبض السحب نقل البروبان واستخدامه في بيئات خارج الطرق لتطبيقات مثل: تدفئة المنشآت المختلفة (مثل إيواء الماشية)، وتغذية بعض الآلات، وتجفيف الحبوب/المحاصيل المحصودة، وإزالة الأعشاب بالنار من الحقول. توضحون أنه نظراً لأن مقاطع البروبان هذه متنقلة، فإنها تلغي الحاجة إلى خزانات بروبان منفصلة في كل موقع عمل. تُصنع خزانات مقاطع البروبان وفقاً للمعايير الصناعية التالية: قسم ASME VIII، وNFPA 58، وNBIC. تُصنع أغطية وجدران الجزء الخزاني من مقطورة البروبان من لفائف الدرفلة الساخنة (""HRC"")، وعادةً ما تكون من الفولاذ الكربوني SA-414C؛ وتُصنع أغطية الخزان عادةً من الفولاذ الكربوني SA-285C الدرفلة ساخناً؛ وتُصنع الجدران عادةً من الفولاذ المقاوم للصدأ SA-455 الدرفلة ساخناً. تتكون المكونات غير الفولاذية من الصمامات، ومقاييس الضغط، والطلاءات (الأساس الإيبوكسي، والطلاء العلوي البوليستر)، وسلك اللحام، والفلوكس، واللاصقات. اعتماداً على الحجم، تزن هذه المقاطع بين 1,582 رطلاً (لوحدة قياس الماء 250 WG) و5,989 رطلاً (لوحدة قياس الماء 1000 WG).",,
N358980,"The product under consideration is the RestoreLab therapeutic vibration foot massager. It consists of a compact platform with molded zones for foot, calf, and limb placement, a power switch and power jack, a control panel, four non-slip suction-cup feet on the bottom, and a power cord. The control panel features preset therapeutic modes labeled ARMS/SHOULDERS, CALVES, and THIGHS, as well as a power button, decrease and increase buttons, a display screen showing vibration speed and remaining treatment time, a start/stop button, and a lock button. The non-slip suction-cup feet on the bottom indicate that the product is designed to remain stationary while the user is seated. The RestoreLab therapeutic vibration foot massager features six position-adjustment legs, allowing the user to tilt the product forward or backward to reach different areas of the feet and calves. According to the user manual, “the massager is not an exercise machine and should ONLY be used in a seated or reclined position, or with targeted body placement, for comfort and therapeutic benefit.” The platform’s small footprint, low profile, and lightweight construction make it physically incapable of supporting a user standing, squatting, balancing, or performing fitness routines. The collapsible handle is intended for positioning and is not a load-bearing exercise feature. Regular use of the product is said to help relieve sore muscles, reduce stiffness, and promote a sense of well-being. The RestoreLab therapeutic vibration foot massager is intended to support relaxation, circulation, recovery, and tissue healing.","Le produit en question est le masseur de pieds à vibrations thérapeutiques RestoreLab. Il se compose d'une plateforme compacte dotée de zones moulées pour le placement des pieds, des mollets et des membres, d'un interrupteur d'alimentation et d'une prise d'alimentation, d'un panneau de commande, de quatre pieds antidérapants à ventouses sur la face inférieure et d'un cordon d'alimentation. Le panneau de commande présente des modes thérapeutiques prédéfinis étiquetés BRAS/ÉPAULES, MOLLETS et CUISSES, ainsi qu'un bouton d'alimentation, des boutons de diminution et d'augmentation, un écran d'affichage indiquant la vitesse de vibration et le temps de traitement restant, un bouton démarrer/arrêter et un bouton de verrouillage. Les pieds antidérapants à ventouses sur la face inférieure indiquent que le produit est conçu pour rester immobile lorsque l'utilisateur est assis. Le masseur de pieds à vibrations thérapeutiques RestoreLab est équipé de six pieds réglables en position, permettant à l'utilisateur d'incliner le produit vers l'avant ou vers l'arrière pour atteindre différentes zones des pieds et des mollets. Selon le manuel d'utilisation, « le masseur n'est pas un appareil d'exercice et ne doit être utilisé QUE en position assise ou allongée, ou avec un placement ciblé du corps, pour le confort et le bénéfice thérapeutique ». La petite empreinte au sol, le profil bas et la construction légère de la plateforme la rendent physiquement incapable de soutenir un utilisateur debout, accroupi, en équilibre ou effectuant des routines de fitness. La poignée repliable est destinée au positionnement et n'est pas une fonction d'exercice portante. L'utilisation régulière du produit est censée aider à soulager les muscles douloureux, à réduire la raideur et à favoriser un sentiment de bien-être. Le masseur de pieds à vibrations thérapeutiques RestoreLab est destiné à soutenir la relaxation, la circulation, la récupération et la cicatrisation des tissus.","المنتج قيد النظر هو ماسك القدم الاهتزازي العلاجي من RestoreLab. يتكون من منصة مدمجة مزودة بمناطق مصممة لوضع القدمين والساقين والأطراف، ومفتاح تشغيل ومنفذ طاقة، ولوحة تحكم، وأربعة أقدام ماصّة مانعة للانزلاق في الجزء السفلي، وكابل طاقة. تتضمن لوحة التحكم أوضاعاً علاجية مسبقة الإعداد ومُسمّاة بـ ""الذراعان/الأكتاف""، و""الساقان""، و""الفخذان""، بالإضافة إلى زر الطاقة، وأزرار التقليل والتكبير، وشاشة عرض تُظهر سرعة الاهتزاز والوقت المتبقي للعلاج، وزر بدء/إيقاف، وزر قفل. تشير الأقدام الماصّة المانعة للانزلاق في الجزء السفلي إلى أن المنتج مصمم ليبقى ثابتاً بينما يكون المستخدم جالساً. يتميز ماسك القدم الاهتزازي العلاجي من RestoreLab بست أرجل قابلة للتعديل في الوضع، مما يسمح للمستخدم بميل المنتج إلى الأمام أو الخلف للوصول إلى مناطق مختلفة من القدمين والساقين. وفقاً لدليل المستخدم، ""ليس الماسك جهازاً للتمارين الرياضية، ويجب استخدامه فقط في وضعية الجلوس أو الاستلقاء، أو مع وضع مستهدف للجسم، من أجل الراحة والفائدة العلاجية"". يجعل البصمة الصغيرة للمنصة، وملامسها المنخفض، وهيكلها خفيف الوزن، من المستحيل فيزيائياً أن يدعم مستخدماً واقفاً، أو راكعاً، أو متوازناً، أو يمارس روتيناً للياقة البدنية. المقبض القابل للطي مخصص للوضع وليس ميزة تمارين حاملة للأحمال. يُقال إن الاستخدام المنتظم للمنتج يساعد في تخفيف آلام العضلات، وتقليل التيبس، وتعزيز الشعور بالرفاهية. يُقصد بماسك القدم الاهتزازي العلاجي من RestoreLab دعم الاسترخاء، والدورة الدموية، والتعافي، وشفاء الأنسجة.",,
N358306,"The merchandise under consideration is identified as the RIC2Discover System, which is designed to provide feed and water to cattle. It also records the feed and water intake per animal using RFID identification and integrated weighing technology. You have stated that the system will be used on research farms, universities, and dairy and beef farms that work with feed companies, genetic companies or pharmaceuticals companies. The complete system will be imported with the following components: 18 stainless steel feed-weigh troughs with RFID gates. 2 water-weigh troughs. Control system that includes management software, process controllers, interface cables, and zone units. Mounting poles, brackets, and an installation kit.","La marchandise en question est identifiée comme le système RIC2Discover, conçu pour fournir de l'alimentation et de l'eau au bétail. Il enregistre également la consommation d'aliment et d'eau par animal à l'aide de l'identification par RFID et de la technologie de pesée intégrée. Vous avez indiqué que le système sera utilisé sur des fermes de recherche, des universités et des fermes laitières et bovin-viande qui collaborent avec des entreprises d'alimentation, des entreprises génétiques ou des entreprises pharmaceutiques. Le système complet sera importé avec les composants suivants : 18 mangeoires-peseuses en acier inoxydable avec portails RFID ; 2 abreuvoirs-peseuses ; un système de contrôle comprenant un logiciel de gestion, des contrôleurs de processus, des câbles d'interface et des unités de zone ; des poteaux de montage, des supports et un kit d'installation.",يُعرَّف البضاعة قيد النظر بأنها نظام RIC2Discover، المصمم لتوفير العلف والماء للأبقار. كما يسجل استهلاك العلف والماء لكل حيوان باستخدام تقنية التعريف بالترددات الراديوية (RFID) وتقنية الوزن المتكاملة. وقد أوضحتَ أن النظام سيُستخدم في مزارع الأبحاث والجامعات ومزارع الألبان والأبقار التسمينية التي تتعاون مع شركات الأعلاف أو شركات الوراثة أو شركات الأدوية. سيتم استيراد النظام الكامل مع المكونات التالية: 18 حوضًا لوزن العلف مصنوعًا من الفولاذ المقاوم للصدأ مزودًا ببوابات RFID. حوضان لوزن الماء. نظام تحكم يتضمن برامج إدارة، ومتحكمات عمليات، وكابلات واجهة، ووحدات مناطق. أعمدة تثبيت، وقواعد، وطقم تركيب.,,
N357365,"The request was returned to you for additional information, which was received by this office on December 28, 2025. The ruling was requested for SPF (spruce-pine-fir) dimensional lumber used for manufacturing mattress box springs. Product information and photos were submitted for our review. The product under consideration is SPF dimensional lumber. The boards are planed, the edges may be eased, and the boards are imported in the following sizes: 2""x3""x7', 2""x3""x9', 2""x3""x10', 2""x4""x7', and 2""x6""x7'. You indicate that the boards are used for manufacturing mattress box springs. However, the boards are not radius-cut on the ends and are not in kits with the specific finished parts to manufacture a box spring. You indicate that the lumber is manufactured in Canada. Further manufacturing, such as radius cutting, will be completed in the United States after importation.","La demande vous a été retournée pour obtenir des informations supplémentaires, qui ont été reçues par ce bureau le 28 décembre 2025. L'avis a été demandé pour du bois de construction en SPF (épinette, sapin, mélèze) utilisé pour la fabrication de sommiers à lattes. Des informations sur le produit et des photos ont été soumises pour notre examen. Le produit en question est du bois de construction en SPF. Les planches sont rabotées, les bords peuvent être adoucis, et les planches sont importées dans les dimensions suivantes : 2""x3""x7', 2""x3""x9', 2""x3""x10', 2""x4""x7' et 2""x6""x7'. Vous indiquez que les planches sont utilisées pour la fabrication de sommiers à lattes. Cependant, les planches ne sont pas découpées en rayon aux extrémités et ne sont pas fournies en kits avec les pièces finies spécifiques nécessaires à la fabrication d'un sommier. Vous indiquez que le bois est fabriqué au Canada. Les étapes de fabrication ultérieures, telles que la découpe en rayon, seront réalisées aux États-Unis après l'importation.",أُعيد الطلب إليكم للحصول على معلومات إضافية، والتي استلمتها هذه الإدارة في 28 ديسمبر 2025. طُلب إصدار قرار بشأن الأخشاب البعدية من نوع SPF (التسبي - الصنوبر - التنوب) المستخدمة في تصنيع هياكل المرتبات (صناديق النابض). وقد قُدمت معلومات المنتج والصور لمراجعتنا. المنتج قيد النظر هو الأخشاب البعدية من نوع SPF. الألواح مصقولة، وقد تكون حوافها مدوّرة، وتُستورد بالأحجام التالية: 2 بوصة × 3 بوصة × 7 أقدام، 2 بوصة × 3 بوصة × 9 أقدام، 2 بوصة × 3 بوصة × 10 أقدام، 2 بوصة × 4 بوصة × 7 أقدام، و2 بوصة × 6 بوصة × 7 أقدام. تشيرون إلى أن الألواح تُستخدم في تصنيع هياكل المرتبات. ومع ذلك، فإن الألواح غير مدوّرة الأطراف، وليست ضمن مجموعات تحتوي على الأجزاء النهائية المحددة لتصنيع هيكل المرتبة. تشيرون إلى أن الأخشاب تُصنع في كندا. سيتم إكمال التصنيع الإضافي، مثل القص الدائري، في الولايات المتحدة بعد الاستيراد.,,
N363538,"The merchandise under consideration is the Green Cell PowerPlay Ultra Power Bank, model number PBGC04, a device that features a compact rectangular case with two USB-C ports, two USB-A ports, and LED indicators. The power bank uses lithium-ion chemistry, has a combined maximum output of 128 W, a nominal capacity of 26,800 mAh, and is compatible with various fast charging technologies. Its overall dimensions are approximately 186.1 millimeters in length, 80.9 millimeters in width, and 22.6 millimeters in height. The power bank can be used to provide additional charging support for the Oskol 2, an augmentative and alternative communication system previously reviewed in New York Ruling N360335, dated April 21, 2026, through the USB-C port on the device.","La marchandise en question est la batterie externe Green Cell PowerPlay Ultra, modèle PBGC04, un appareil doté d’un boîtier rectangulaire compact, de deux ports USB-C, de deux ports USB-A et d’indicateurs LED. Cette batterie externe utilise une chimie au lithium-ion, offre une puissance de sortie maximale combinée de 128 W, possède une capacité nominale de 26 800 mAh et est compatible avec diverses technologies de charge rapide. Ses dimensions globales sont d’environ 186,1 millimètres de longueur, 80,9 millimètres de largeur et 22,6 millimètres de hauteur. La batterie externe peut être utilisée pour fournir un soutien de charge supplémentaire au système de communication augmentative et alternative Oskol 2, précédemment examiné dans la décision de New York N360335, en date du 21 avril 2026, via le port USB-C de l’appareil.","السلعة قيد النظر هي بنك الطاقة Green Cell PowerPlay Ultra، رقم الموديل PBGC04، وهو جهاز يتميز بحاوية مستطيلة مدمجة مزودة بمنفذين USB-C ومنفذين USB-A ومؤشرات LED. يستخدم بنك الطاقة كيمياء ليثيوم أيون، ويبلغ إجمالي خرجه الأقصى 128 واط، وسعته الاسمية 26,800 مللي أمبير-ساعة، وهو متوافق مع تقنيات الشحن السريع المختلفة. أبعاده الإجمالية تقريباً 186.1 ملم في الطول، و80.9 ملم في العرض، و22.6 ملم في الارتفاع. يمكن استخدام بنك الطاقة لتوفير دعم شحن إضافي لنظام Oskol 2، وهو نظام تواصل تعويضي وبديل تم مراجعته سابقاً في قرار نيويورك N360335، المؤرخ في 21 أبريل 2026، عبر منفذ USB-C الموجود على الجهاز.",,
N361397,"The neck has raw edge foldedover once and sewn with a single line of long, very loose straight stitching. The long sleeves and hem bottomof the shapeless robe are raw and unfinished.",Le col présente un bord brut replié une fois et cousu avec une seule ligne de points droits longs et très lâches. Les manches longues et l'ourlet inférieur de la robe sans forme sont bruts et non finis.,الرقبة حافة خام مطوية مرة واحدة ومخاطة بخط واحد من الغرز المستقيمة الطويلة والفائقة الاسترخاء. الأكمام الطويلة وحافة القاع من الرداء غير المنظم الشكل خامتان وغير مكتملتان.,,
N357930,"You also request a country of origin determination for the purpose of marking, and Section 301 trade remedies, and other duties. The products at issue are referred to as Trailer Mounted Intelligent Electrical Fracking (TMEF) Units, model numbers YLT105-5600E, YLT95-5600E, and YLT105-6000E. Each unit is a trailer equipped with an electrically powered Quintuplex Plunger Pump assembly, a power assembly, high- and low-pressure assemblies, a lubrication system, a power-end lubrication assembly, a medium-voltage drive assembly, a variable-frequency drive assembly, an electrical cabinet and a control assembly. Once powered by an electric grid or a Power2Go gas turbine generator set, these assemblies work together to pump various types of fluids used for oil and gas fracturing operations. The TMEF units are differentiated by their temperature thresholds, working pressures and power output. The plunger pump assembly consists of a Quintuplex plunger pump (power and fluid ends and a reducer), a return oil pipe and a cover plate assembly. The pump, which is configured as a reciprocating positive displacement pump pressurizes the low and medium pressure water supplies and then delivers the water through a designated manifold. The power assembly consists of an oil cooler pre-assembly, a drive shaft, a medium-voltage motor, and other power assembly components. Its function is to transmit power from the motor to the plunger pump via a drive shaft. The high-pressure assembly consists of a pressure sensor, a hose bracket, a wing nut and a male plug. The low-pressure assembly consists of lubrication pipe, a cast manifold, a hose bracket, an accumulator and a u-type liquid inlet. Together, the components convey the low-pressure water supply to the plunger pump. The packing lubrication assembly consists of a lubrication pump and hose connections. The function of the assembly is to lubricate the five-way packing of the plunger pump. The power-end lubrication assembly is driven by a motor that powers two double pumps, which provide lubrication for the bearings and gears inside the power end of the plunger pump. The gear pumps suction lube oil from the oil tank through suction oil filters and then deliver oil to the plunger pump via pipelines. The medium voltage drive assembly is used for electrical frequency conversion and voltage transformation to satisfy the needs of power supply scenarios. The variable frequency drive assembly consists of five outdoor units that are used to control the actuation and speed control of the lubrication motor. The electrical cabinet houses all electrical controls for the TMEF unit, including sensors, sensor cables, main motor power cables, lubrication motor power cables and other components.","Vous demandez également une détermination du pays d'origine aux fins de marquage, des mesures commerciales au titre de la section 301 et d'autres droits. Les produits en cause sont désignés sous le nom d'unités de fracturation électrique intelligente montées sur remorque (TMEF), portant les numéros de modèle YLT105-5600E, YLT95-5600E et YLT105-6000E. Chaque unité est une remorque équipée d'un ensemble de pompe à plongeurs quintuplex à alimentation électrique, d'un ensemble de puissance, d'ensembles haute et basse pression, d'un système de lubrification, d'un ensemble de lubrification de l'extrémité motrice, d'un ensemble d'entraînement à moyenne tension, d'un ensemble d'entraînement à fréquence variable, d'un armoire électrique et d'un ensemble de contrôle. Une fois alimentées par un réseau électrique ou un groupe électrogène à turbine à gaz Power2Go, ces ensembles fonctionnent ensemble pour pomper divers types de fluides utilisés dans les opérations de fracturation pétrolière et gazière. Les unités TMEF se distinguent par leurs seuils de température, leurs pressions de travail et leur puissance de sortie. L'ensemble de la pompe à plongeurs se compose d'une pompe à plongeurs quintuplex (extrémités motrice et hydraulique et réducteur), d'un tuyau de retour d'huile et d'un ensemble de plaque de couverture. La pompe, configurée comme une pompe à déplacement positif à mouvement alternatif, met sous pression les approvisionnements en eau à basse et moyenne pression, puis achemine l'eau à travers un collecteur désigné. L'ensemble de puissance se compose d'un pré-ensemble de refroidisseur d'huile, d'un arbre de transmission, d'un moteur à moyenne tension et d'autres composants de l'ensemble de puissance. Sa fonction est de transmettre la puissance du moteur à la pompe à plongeurs via un arbre de transmission. L'ensemble haute pression se compose d'un capteur de pression, d'un support de tuyau, d'une écrou à ailes et d'une bouchon mâle. L'ensemble basse pression se compose d'un tuyau de lubrification, d'un collecteur en fonte, d'un support de tuyau, d'un accumulateur et d'une entrée de liquide en U. Ensemble, les composants acheminent l'approvisionnement en eau à basse pression vers la pompe à plongeurs. L'ensemble de lubrification des garnitures se compose d'une pompe de lubrification et de connexions de tuyaux. La fonction de l'ensemble est de lubrifier les garnitures à cinq voies de la pompe à plongeurs. L'ensemble de lubrification de l'extrémité motrice est entraîné par un moteur qui alimente deux pompes doubles, fournissant la lubrification pour les roulements et les engrenages à l'intérieur de l'extrémité motrice de la pompe à plongeurs. Les pompes à engrenages aspirent l'huile de lubrification du réservoir d'huile à travers des filtres d'aspiration d'huile, puis acheminent l'huile vers la pompe à plongeurs via des conduites. L'ensemble d'entraînement à moyenne tension est utilisé pour la conversion de fréquence électrique et la transformation de tension afin de répondre aux besoins des scénarios d'alimentation en énergie. L'ensemble d'entraînement à fréquence variable se compose de cinq unités extérieures utilisées pour contrôler l'actionnement et la régulation de la vitesse du moteur de lubrification. L'armoire électrique abrite tous les contrôles électriques de l'unité TMEF, y compris les capteurs, les câbles de capteurs, les câbles d'alimentation du moteur principal, les câbles d'alimentation du moteur de lubrification et d'autres composants.",كما تطلبون تحديد بلد المنشأ لأغراض وضع العلامات، وإجراءات التعويضات التجارية بموجب المادة 301، والرسوم الأخرى. تُعرف المنتجات محل النظر باسم وحدات التكسير الكهربائي الذكي المركبة على مقطورة (TMEF)، بأرقام الطراز YLT105-5600E وYLT95-5600E وYLT105-6000E. تتكون كل وحدة من مقطورة مزودة بمجموعة مضخة مكبس خماسية (Quintuplex) تعمل بالكهرباء، ومجموعة طاقة، ومجموعات ضغط عالٍ ومنخفض، ونظام تزييت، ومجموعة تزييت نهاية الطاقة، ومجموعة محرك جهد متوسط، ومجموعة محرك متغير التردد، وخزانة كهربائية، ومجموعة تحكم. بمجرد تزويدها بالطاقة من شبكة كهربائية أو من مجموعة مولدات توربينية غازية من طراز Power2Go، تعمل هذه المجموعات معاً لضخ أنواع مختلفة من السوائل المستخدمة في عمليات تكسير النفط والغاز. تتميز وحدات TMEF بعتبات حرارية وضغوط تشغيلية وإنتاجية طاقة مختلفة. تتكون مجموعة مضخة المكبس من مضخة مكبس خماسية (نهايات الطاقة والسائل ومخفض)، وخط أنابيب عائد للزيت، ومجموعة غطاء. تضغط المضخة، التي يتم تكوينها كمضاحة إزاحة موجبة متذبذبة، إمدادات المياه ذات الضغط المنخفض والمتوسط، ثم تضخ المياه عبر موزع (مانيفولد) محدد. تتكون مجموعة الطاقة من مجموعة تبريد زيت مسبقة التجميع، ومرفق قيادة، ومحرك جهد متوسط، ومكونات أخرى لمجموعة الطاقة. وظيفتها هي نقل الطاقة من المحرك إلى مضخة المكبس عبر مرفق القيادة. تتكون مجموعة الضغط العالي من مستشعر ضغط، وحامل خراطيم، وصامولة جناحية، وصمام ذكر. تتكون مجموعة الضغط المنخفض من خط أنابيب تزييت، وموزع (مانيفولد) مصبوب، وحامل خراطيم، ومخزن ضغط (أكوموليتور)، ومدخل سائل من النوع U. معاً، تنقل هذه المكونات إمدادات المياه ذات الضغط المنخفض إلى مضخة المكبس. تتكون مجموعة تزييت الحشوات من مضخة تزييت واتصالات خراطيم. وظيفة المجموعة هي تزييت الحشوات الخماسية لمضخة المكبس. تُقود مجموعة تزييت نهاية الطاقة بواسطة محرك يغذي مضختين مزدوجتين، توفران التزييت للمحامل والتروس داخل نهاية الطاقة لمضخة المكبس. تسحب مضخات التروس زيت التزييت من خزان الزيت عبر مرشحات شفط الزيت، ثم تضخ الزيت إلى مضخة المكبس عبر خطوط الأنابيب. تُستخدم مجموعة محرك الجهد المتوسط لتحويل التردد الكهربائي وتحويل الجهد لتلبية احتياجات سيناريوهات إمداد الطاقة. تتكون مجموعة محرك متغير التردد من خمس وحدات خارجية تُستخدم للتحكم في تشغيل محرك التزييت وضبط سرعته. تحتوي الخزانة الكهربائية على جميع عناصر التحكم الكهربائية لوحدة TMEF، بما في ذلك المستشعرات، وكابلات المستشعرات، وكابلات طاقة المحرك الرئيسي، وكابلات طاقة محرك التزييت، ومكونات أخرى.,,
N357694,"The merchandise under consideration is described as an Isolated Phase Bus (IPB) system. The subject system is comprised of a hollow aluminum tube held within an outer aluminum enclosure by cast-resin posts. The inner tube functions as an electrical conductor, able to carry high levels of current. The air gap between the inner conductor and the enclosure acts as dielectric insulation, while the cast-resin posts are the structural component. Based upon the information provided, the inner conductor component is bare aluminum and is not coated or covered with any electrical or thermal insulating material. The IPB system is designed to carry electricity over distances within power plants and other high-voltage systems where large amounts of power need to be transferred safely. We note that the system can be configured to the specifications of the end customer and is imported into the United States in sections to be installed as needed.","La marchandise en question est décrite comme un système de bus à phase isolée (IPB). Le système concerné est composé d'un tube en aluminium creux maintenu à l'intérieur d'un boîtier extérieur en aluminium par des supports en résine moulée. Le tube intérieur fonctionne comme un conducteur électrique, capable de transporter des niveaux élevés de courant. L'espace d'air entre le conducteur intérieur et le boîtier agit comme une isolation diélectrique, tandis que les supports en résine moulée constituent l'élément structurel. Sur la base des informations fournies, le composant conducteur intérieur est en aluminium nu et n'est pas revêtu ou recouvert d'aucun matériau isolant électrique ou thermique. Le système IPB est conçu pour transporter l'électricité sur des distances au sein des centrales électriques et d'autres systèmes à haute tension où de grandes quantités de puissance doivent être transférées en toute sécurité. Nous notons que le système peut être configuré selon les spécifications du client final et est importé aux États-Unis en sections pour être installé selon les besoins.",يُوصف البضاعة قيد النظر بأنها نظام ناقلات طاقة معزولة (IPB). يتكون النظام المعني من أنبوب ألمنيوم مجوف يُثبَّت داخل غلاف خارجي من الألمنيوم بواسطة أعمدة من الراتنج المصبوب. يعمل الأنبوب الداخلي كموصل كهربائي قادر على حمل مستويات عالية من التيار. تعمل فجوة الهواء بين الموصل الداخلي والغلاف كعازل كهربائي، بينما تُشكّل أعمدة الراتنج المصبوب المكوّن الإنشائي. بناءً على المعلومات المقدمة، فإن مكوّن الموصل الداخلي مصنوع من الألمنيوم العاري وغير مغطّى أو مغلف بأي مادة عازلة كهربائياً أو حرارياً. صُمم نظام ناقلات الطاقة المعزولة لنقل الكهرباء عبر مسافات داخل محطات الطاقة وأنظمة الجهد العالي الأخرى حيث يجب نقل كميات كبيرة من الطاقة بأمان. نلاحظ أن النظام يمكن تهيئته وفقاً لمواصفات العميل النهائي، ويُستورد إلى الولايات المتحدة في مقاطع ليتم تركيبها حسب الحاجة.,,
N363447,"You submitted photographs and detailed description of two decorations that are marketed and sold for Halloween to help create a spooky atmosphere. The first item is identified as item number W83563, Light Up Cauldron, which consists of an illuminated, battery powered depiction of a witch’s cauldron with a bottle seeming to hover above it is pouring “Spider Juice” into the cauldron. When illuminated the liquid appears to be pouring from the ghostly bottle into the cauldron. The item is composed of resin and measures approximately 10""W x 9""D x 16""H. The second item is identified as item number Z18125, Tree Face and Arms Set, which consists of a frightening face and a pair of arms with gnarled, grasping fingers. The three pieces are made of resin and are sculpted to appear made of tree bark, depicting a scary tree that is coming alive. The face measures approximately 6""W x 4""D x 12""H, and the arms approximately 14""L and 12""L; both are 6""W. Each piece has a keyhole in back ready to hang on a tree.","Vous avez soumis des photographies et une description détaillée de deux décorations commercialisées et vendues pour Halloween afin de créer une atmosphère effrayante. Le premier article, identifié par le numéro W83563, est un chaudron lumineux, composé d'une représentation éclairée, fonctionnant à piles, d'un chaudron de sorcière avec une bouteille semblant flotter au-dessus, versant du « Spider Juice » dans le chaudron. Une fois allumé, le liquide semble couler de la bouteille fantomatique dans le chaudron. L'article est composé de résine et mesure environ 10 po de largeur x 9 po de profondeur x 16 po de hauteur. Le deuxième article, identifié par le numéro Z18125, est un ensemble visage d'arbre et bras, composé d'un visage effrayant et d'une paire de bras aux doigts noueux et agrippants. Les trois pièces sont en résine et sculptées pour paraître faites d'écorce d'arbre, représentant un arbre effrayant qui prend vie. Le visage mesure environ 6 po de largeur x 4 po de profondeur x 12 po de hauteur, et les bras environ 14 po et 12 po de longueur ; tous deux mesurent 6 po de largeur. Chaque pièce possède une serrure à clé à l'arrière, prête à être suspendue à un arbre.","لقد قمت بتقديم صور ووصف مفصل لقطعتين من الزخارف التي تُسوّق وتُباع بمناسبة عيد الهالوين للمساعدة في خلق أجواء مرعبة. يُعرَّف العنصر الأول برقم W83563، وهو ""قِدر الساحرة المضيء""، ويتكون من تمثيل مضاء يعمل بالبطارية لقِدر ساحرة، مع زجاجة تبدو وكأنها تطفو فوقه وتسكب ""عصارة العنكبوت"" في القِدر. عند إضاءة العنصر، يبدو السائل وكأنه يُسكب من الزجاجة الشبحية إلى القِدر. يتكون العنصر من الراتنج ويبلغ مقاسه تقريباً 10 بوصات في العرض × 9 بوصات في العمق × 16 بوصة في الارتفاع. يُعرَّف العنصر الثاني برقم Z18125، وهو ""طقم وجه الشجرة والذراعين""، ويتكون من وجه مرعب وزوج من الذراعين بأصابع متعرجة تمسك. هذه القطع الثلاث مصنوعة من الراتنج ومنحوتة لتبدو وكأنها مصنوعة من لحاء الشجرة، وتصور شجرة مرعبة تنبض بالحياة. يبلغ مقاس الوجه تقريباً 6 بوصات في العرض × 4 بوصات في العمق × 12 بوصة في الارتفاع، بينما تبلغ أطوال الذراعين تقريباً 14 بوصة و12 بوصة على التوالي، وكلاهما بعرض 6 بوصات. تحتوي كل قطعة على ثقب مفتاح في الخلف، جاهزة للتعليق على شجرة.",,
N363968,"The product under consideration is Item 10762 PH Prep Cutting Board System.The item is a two-sided acacia wood (., a tropical wood) cutting board with a removable steel strainer, two removable steelAcacia sppstorage bins with lids, and a removable steel support rack.","Le produit en question est le système de planches à découper PH Prep, article 10762. Il s'agit d'une planche à découper en bois d'acacia (., un bois tropical) à double face, dotée d'un égouttoir en acier amovible, de deux bacs de rangement en acier amovibles avec couvercles et d'un support en acier amovible.",المنتج قيد النظر هو البند 10762 نظام لوح التقطيع PH Prep. يتكون البند من لوح تقطيع من خشب الأكاسيا (وهو خشب استوائي) من جانبين، مزود بمصفاة فولاذية قابلة للإزالة، وصندوقَي تخزين فولاذيين قابلين للإزالة بغطاء، وحامل دعم فولاذي قابل للإزالة.,,
N359366,"Photographs and descriptions of the washer were included with your inquiry. The merchandise under consideration is described as a washer, flat, 14 mm OD, 7.2 mm ID, 0.4 mm thick steel SUS301, SKU number 312-00008-000.A1. It is a flat steel washer that functions to improve load distribution, motion control, durability, and reliability at the joint where the microphone boom attaches to the headset ear cup.","Des photographies et des descriptions de la rondelle ont été jointes à votre demande. La marchandise en question est décrite comme une rondelle plate, diamètre extérieur de 14 mm, diamètre intérieur de 7,2 mm, épaisseur de 0,4 mm, en acier SUS301, numéro de référence (SKU) 312-00008-000.A1. Il s'agit d'une rondelle en acier plat qui sert à améliorer la répartition des charges, le contrôle du mouvement, la durabilité et la fiabilité au niveau de l'articulation où le bras du microphone se fixe à l'oreillette du casque.",تمت إرفاق صور ووصف للمسمار المسطح مع استفساركم. يُوصف البضاعة قيد النظر على أنها مسمار مسطح، بقطر خارجي 14 ملم، وقطر داخلي 7.2 ملم، وسماكة 0.4 ملم، مصنوع من الفولاذ SUS301، ورقم SKU هو 312-00008-000.A1. وهو مسمار فولاذي مسطح يعمل على تحسين توزيع الحمل، وتحكم الحركة، والمتانة، والموثوقية عند الوصلة التي يتصل بها ذراع الميكروفون بكأس سماعة الرأس.,,
N360050,"Item #HW-20006, described as a “Sun shelter,” is a 3-person portable pop-up tent designed to provide temporary shelter at the beach. The open half-bell-shaped tent consists of a roof, three walls, and a floor with a pop-up frame composed of fiberglass. The walls and roof are constructed of 100 percent polyester woven dyed fabric coated with polyurethane on one side and finished with a waterproof surface. The non-detachable, hexagon-shaped floor is constructed of 100 percent polyethylene strips laminated on both sides. The floor measures 91 inches in length and 75 inches at its widest point. The floor extends past the opening of the shelter and tapers to a width of 40 ½ inches. The shelter features a window on each wall composed of 100 percent polyester knit mesh fabric for ventilation and includes four steel stakes and four fillable sandbags to weigh down the shelter at each corner. Each sandbag measures 12 ½ inches by 8 ½ inches and features a drawstring closure. The shelter measures 9 feet in length by 6 feet in width by 60 inches in height when it is fully assembled. The tent has a net weight of 7 pounds, a floor area of 56 ½ square feet, and a standing height of 54 inches. The shelter is imported with a carrying case that houses the shelter, stakes, and sandbags. The zippered carrying case measures 36 inches in length by 6 ¼ inches in width by 6 ¼ inches in height and features two webbed carrying straps. Both the carrying case and sandbags are composed of the same material as the roof and walls. The stake bag is composed of the same material as the floor. The manufacturing operations for the sun shelter are as follows: China: • 100 percent polyester fabric for the walls, roof, carrying case, sandbag, and stake bag ribbon is woven, dyed, coated on one side with polyurethane waterproof surface and shipped in rolls to Cambodia. • 100 percent polyester mesh fabric for windows is knitted, dyed, and shipped in rolls to Cambodia. • The thread, polypropylene braided drawstring, zippers, zipper tape, webbing straps, fiberglass poles, steel stakes, plastic foot petals, and plastic parts are produced and shipped to Cambodia. South Korea: • 100 percent polyethylene strip fabric for the floor and stake bag is woven, laminated on both sides, and shipped in rolls to Cambodia. Cambodia: • Fabric is cut into shape and size. • Fabric is sewn and hemmed to create a sun shelter, a carrying bag, four sandbags, and a stake bag. • Sixteen fiberglass poles are pre-connected by plastic parts and inserted into the shelter to create a pop-up tent. • The steel stakes are placed into the stake bag. • The sun shelter, stake bag, and sandbags are placed in the carrying bag. • The carrying bag is packaged in a carton and shipped to the United States.","Article n° HW-20006, décrit comme un « abri solaire », est une tente portable à ouverture rapide pour trois personnes, conçue pour fournir un abri temporaire à la plage. La tente de forme semi-cloche ouverte se compose d'un toit, de trois murs et d'un sol, avec un cadre à ouverture rapide en fibre de verre. Les murs et le toit sont fabriqués en tissu tissé 100 % polyester teint, enduit d'une couche de polyuréthane d'un côté et doté d'une finition imperméable. Le sol non détachable, de forme hexagonale, est constitué de bandes de 100 % polyéthylène laminées des deux côtés. Le sol mesure 91 pouces de longueur et 75 pouces à son point le plus large. Il dépasse l'ouverture de l'abri et se rétrécit jusqu'à une largeur de 40 ½ pouces. L'abri est équipé d'une fenêtre sur chaque mur, composée d'un tissu tricoté en maille 100 % polyester pour la ventilation, et comprend quatre piquets en acier et quatre sacs à sable remplissables pour maintenir l'abri en place à chaque coin. Chaque sac à sable mesure 12 ½ pouces par 8 ½ pouces et est doté d'un système de fermeture à cordon. L'abri mesure 9 pieds de longueur par 6 pieds de largeur par 60 pouces de hauteur lorsqu'il est entièrement assemblé. La tente a un poids net de 7 livres, une surface au sol de 56 ½ pieds carrés et une hauteur sous plafond de 54 pouces. L'abri est importé avec une housse de transport qui contient l'abri, les piquets et les sacs à sable. La housse de transport à fermeture éclair mesure 36 pouces de longueur par 6 ¼ pouces de largeur par 6 ¼ pouces de hauteur et est équipée de deux sangles de portage en sangle. La housse de transport et les sacs à sable sont composés du même matériau que le toit et les murs. Le sac à piquets est composé du même matériau que le sol. Les opérations de fabrication de l'abri solaire sont les suivantes : Chine : • Le tissu 100 % polyester pour les murs, le toit, la housse de transport, le sac à sable et le ruban du sac à piquets est tissé, teint, enduit d'une surface imperméable en polyuréthane d'un côté et expédié en rouleaux au Cambodge. • Le tissu en maille 100 % polyester pour les fenêtres est tricoté, teint et expédié en rouleaux au Cambodge. • Le fil, le cordon tressé en polypropylène, les fermetures éclair, les rubans de fermeture éclair, les sangles, les poteaux en fibre de verre, les piquets en acier, les pétales de pied en plastique et les pièces en plastique sont produits et expédiés au Cambodge. Corée du Sud : • Le tissu en bandes de 100 % polyéthylène pour le sol et le sac à piquets est tissé, laminé des deux côtés et expédié en rouleaux au Cambodge. Cambodge : • Le tissu est découpé en forme et en taille. • Le tissu est cousu et ourlé pour créer un abri solaire, un sac de transport, quatre sacs à sable et un sac à piquets. • Seize poteaux en fibre de verre sont pré-connectés par des pièces en plastique et insérés dans l'abri pour créer une tente à ouverture rapide. • Les piquets en acier sont placés dans le sac à piquets. • L'abri solaire, le sac à piquets et les sacs à sable sont placés dans le sac de transport. • Le sac de transport est emballé dans un carton et expédié aux États-Unis.","الغرض رقم HW-20006، الموصوف بأنه ""مظلة شمسية""، هو خيمة قابلة للطي من نوع ""البوب-أب"" لشخصين مصممة لتوفير مأوى مؤقت على الشاطئ. تتكون الخيمة ذات الشكل النصف جرسية المفتوحة من سقف وثلاث جدران وأرضية، مع هيكل قابل للطي مصنوع من الألياف الزجاجية. الجدران والسقف مصنوعان من قماش منسوج مصبوغ بنسبة 100% من البوليستر، مغطى بالبولي يوريثان من جهة واحدة ومكتمل بسطح مقاوم للماء. الأرضية غير القابلة للفصل، ذات الشكل السداسي، مصنوعة من شرائح البولي إيثيلين بنسبة 100% ملصقة من الجانبين. تبلغ مساحة الأرضية 91 بوصة في الطول و75 بوصة في أوسع نقطة. تمتد الأرضية خارج فتحة المظلة وتتضيق لتصل إلى عرض 40 ½ بوصة. تتميز المظلة بنافذة في كل جدار، مكوّنة من قماش شبكي محبوك من البوليستر بنسبة 100% للتهوية، وتشمل أربعة أوتاد فولاذية وأربعة أكياس رمل قابلة للتملئ لوزن المظلة في كل زاوية. يبلغ قياس كل كيس رمل 12 ½ بوصة × 8 ½ بوصة، ويتميز بإغلاق بسحب. تبلغ أبعاد المظلة 9 أقدام في الطول × 6 أقدام في العرض × 60 بوصة في الارتفاع عند تجميعها بالكامل. يبلغ الوزن الصافي للخيمة 7 رطل، ومساحة الأرضية 56 ½ قدم مربع، وارتفاع الوقوف 54 بوصة. يتم استيراد المظلة مع حقيبة حمل تحتوي على المظلة والأوتاد وأكياس الرمل. تبلغ أبعاد حقيبة الحمل المزودة بسحّاب 36 بوصة في الطول × 6 ¼ بوصة في العرض × 6 ¼ بوصة في الارتفاع، وتتميز بحزامي حمل من الشريط المنسوج. كل من حقيبة الحمل وأكياس الرمل مكوّنة من نفس المادة المستخدمة في السقف والجدران. أما كيس الأوتاد فهو مكوّن من نفس المادة المستخدمة في الأرضية. عمليات التصنيع للمظلة الشمسية هي كالتالي: الصين: • يتم نسج قماش البوليستر بنسبة 100% المستخدم للجدران والسقف وحقيبة الحمل وكيس الرمل وكيس الأوتاد، ثم صبغه، وتغطيته بسطح مقاوم للماء من البولي يوريثان من جهة واحدة، وشحنه على شكل لفائف إلى كمبوديا. • يتم حياكة قماش الشبكة من البوليستر بنسبة 100% المستخدم للنوافذ، ثم صبغه، وشحنه على شكل لفائف إلى كمبوديا. • يتم إنتاج الخيط، وحبل السحب المضفور من البولي بروبيلين، والسحّابات، وشريط السحّاب، وأحزمة الشريط، وأعمدة الألياف الزجاجية، والأوتاد الفولاذية، وبتلات القدم البلاستيكية، والأجزاء البلاستيكية، وشحنها إلى كمبوديا. كوريا الجنوبية: • يتم نسج قماش شرائح البولي إيثيلين بنسبة 100% المستخدم للأرضية وكيس الأوتاد، ثم لصقه من الجانبين، وشحنه على شكل لفائف إلى كمبوديا. كمبوديا: • يتم قص القماش إلى الشكل والحجم المطلوبين. • يتم خياطة القماش وتكافه لإنشاء مظلة شمسية، وحقيبة حمل، وأربعة أكياس رمل، وكيس أوتاد. • يتم توصيل ستة عشر عموداً من الألياف الزجاجية مسبقاً بواسطة أجزاء بلاستيكية وإدخالها في المظلة لإنشاء خيمة قابلة للطي. • يتم وضع الأوتاد الفولاذية في كيس الأوتاد. • يتم وضع المظلة الشمسية وكيس الأوتاد وأكياس الرمل في حقيبة الحمل. • يتم تغليف حقيبة الحمل في صندوق كرتوني وشحنها إلى الولايات المتحدة.",,
N358410,"Roflumilast, imported in bulk powder form, is a selective phosphodiesterase 4 (PDE4) inhibitor. It is indicated for the treatment of chronic obstructive pulmonary disease (COPD).","Roflumilast, importé sous forme de poudre en vrac, est un inhibiteur sélectif de la phosphodiestérase 4 (PDE4). Il est indiqué dans le traitement de la bronchopneumopathie chronique obstructive (BPCO).",روفلوميلاست، المستورد على شكل مسحوق سائب، هو مثبط انتقائي لإنزيم فسفودايستيراز 4 (PDE4). وهو مُشار إلى استخدامه في علاج مرض الانسداد الرئوي المزمن (COPD).,,
N363923,"The merchandise under consideration is identified as the BassBand, which is further described as a tactileaudio device. The subject device consists of a microphone, internal audio processing circuitry, as well as ahaptic vibration motor enclosed within a plastic housing and attached to a wristband. The microphone isdesigned to detect ambient sound within the area. The sound is then converted, via the internal circuitry, intoa physical vibration felt by the user.","La marchandise en question est identifiée comme le BassBand, décrit plus précisément comme un dispositif audio tactile. Le dispositif concerné se compose d'un microphone, de circuits de traitement audio internes, ainsi que d'un moteur de vibration haptique, le tout enfermé dans un boîtier en plastique et fixé à un bracelet de poignet. Le microphone est conçu pour détecter les sons ambiants dans la zone environnante. Le son est ensuite converti, par l'intermédiaire des circuits internes, en une vibration physique perçue par l'utilisateur.",يُعرَّف البضاعة قيد النظر باسم BassBand، ويُوصف بشكل إضافي بأنه جهاز سمعي لمسي. يتكون الجهاز المعني من ميكروفون، ودوائر معالجة صوتية داخلية، بالإضافة إلى محرك اهتزاز لمسي محاط بغلاف بلاستيكي ومثبت على سوار معصم. صُمم الميكروفون لكشف الأصوات المحيطة في المنطقة. ثم يتم تحويل الصوت، عبر الدوائر الداخلية، إلى اهتزاز فيزيائي يشعر به المستخدم.,,
N362518,"Your sample will be retained by this office. Style 912222 is a woman’s singlet constructed from 87% polyamide and 13% elastane lace-like mesh knit fabric. The undergarment features a V-neckline, a shelf bra, and elastic, adjustable shoulder straps.","Votre échantillon sera conservé par ce bureau. Le modèle 912222 est un débardeur pour femme, confectionné en tissu tricoté en maille ajourée de type dentelle, composé de 87 % de polyamide et de 13 % d'élasthanne. Cette lingerie présente un col en V, un soutien-gorge intégré et des bretelles élastiques et réglables.",سيتم الاحتفاظ بعينتك من قبل هذا المكتب. الطراز 912222 هو حمّالة صدر نسائية (سينغليت) مصنوعة من قماش محبوك شبكي يشبه الدانتيل يتكون من 87% بولي أميد و13% إيلاستان. يتميز هذا الملابس الداخلية بياقة على شكل حرف V، وكوب داخلي (شلف برا)، وأحزمة كتف مرنة قابلة للتعديل.,,
N357243,"The merchandise under consideration is identified as the TerraLun-Core TLH-0 Lunar Highlands Regolith Simulant and the TerraLun-Core TLM-0 Lunar Mare Regolith Simulant. Both consist of naturally derived igneous rocks which have been crushed, milled, sieved, and blended together in various proportions. They are designed to simulate the composition of different areas of the moon’s surface, allowing technologies and applications to be tested under realistic conditions. From the information you provided, the TLH-0 consists of a mixture of approximately 40% to 60% by weight anorthosite, 20% to 40% by weight of basalt, and 10% to 25% by weight of peridotite, while the TLM-0 is made up of a mixture of approximately 50% to 70% by weight of basalt, 20% to 30% by weight of peridotite, and 10% to 20% by weight of anorthosite.","La marchandise en question est identifiée comme étant le simulant de régolithe des hautes terres lunaires TerraLun-Core TLH-0 et le simulant de régolithe des mers lunaires TerraLun-Core TLM-0. Les deux sont composés de roches ignées d'origine naturelle qui ont été concassées, moulues, tamisées et mélangées dans diverses proportions. Ils sont conçus pour simuler la composition de différentes zones de la surface de la Lune, permettant ainsi de tester des technologies et des applications dans des conditions réalistes. D'après les informations fournies, le TLH-0 est constitué d'un mélange d'environ 40 % à 60 % en poids d'anorthosite, de 20 % à 40 % en poids de basalte et de 10 % à 25 % en poids de péridotite, tandis que le TLM-0 est composé d'un mélange d'environ 50 % à 70 % en poids de basalte, de 20 % à 30 % en poids de péridotite et de 10 % à 20 % en poids d'anorthosite.",يُعرَّف البضاعة قيد النظر على أنها محاكي تيرا لاون-كور TLH-0 لتربة المرتفعات القمرية ومحاكي تيرا لاون-كور TLM-0 لتربة البحار القمرية. تتكون كلتا المحاكيتين من صخور نارية طبيعية تم طحنها وطحنها ونخلها وخلطها معاً بنسب مختلفة. صُممت لمحاكاة تركيب مناطق مختلفة من سطح القمر، مما يتيح اختبار التقنيات والتطبيقات تحت ظروف واقعية. بناءً على المعلومات التي قدمتها، يتكون TLH-0 من خليط يتألف من حوالي 40% إلى 60% بالوزن من الأنورثوسيت، و20% إلى 40% بالوزن من البازلت، و10% إلى 25% بالوزن من البيريدوتيت، بينما يتكون TLM-0 من خليط يتألف من حوالي 50% إلى 70% بالوزن من البازلت، و20% إلى 30% بالوزن من البيريدوتيت، و10% إلى 20% بالوزن من الأنورثوسيت.,,
N358788,The sample submitted with your letter was examined and is being returned. The sample is an above-the-ankle men’s waterproof boot identified as spec number HC25042DR. The external surface area of the boot’s upper is comprised mostly of rubber/plastic. There are textile gore panels on the lateral and medial sides and pull loops at the front and back of the topline. The rubber/plastics outer sole has a thick application of leather flocking covering most of the outer sole that contacts the ground. The leather material is visible and tactile on the surface and completely obscures the rubber/plastics underneath.,"L'échantillon soumis avec votre lettre a été examiné et est en cours de retour. L'échantillon est une botte imperméable pour homme, au-dessus de la cheville, identifiée par le numéro de spécification HC25042DR. La surface externe de la tige de la botte est composée principalement de caoutchouc/plastique. Il y a des panneaux de tissu en forme de gouttière sur les côtés latéral et médial, ainsi que des boucles de traction à l'avant et à l'arrière de la ligne supérieure. La semelle extérieure en caoutchouc/plastique présente une application épaisse de feutre de cuir recouvrant la majeure partie de la semelle extérieure qui entre en contact avec le sol. Le matériau en cuir est visible et tactile à la surface et masque complètement le caoutchouc/plastique en dessous.",تم فحص العينة المرفقة مع خطابكم وهي قيد الإرجاع. العينة عبارة عن حذاء رجلي مقاوم للماء يصل إلى ما فوق الكاحل، يحمل الرقم التعريفي HC25042DR. يتكون الجزء الخارجي العلوي من الحذاء بشكل رئيسي من المطاط/البلاستيك. توجد ألواح قماشية على الجانبين الجانبي والداخلي، وحلقات سحب في الأمام والخلف عند خط الحافة العلوية. النعل الخارجي المصنوع من المطاط/البلاستيك مغطى بطبقة سميكة من ألياف الجلد تغطي معظم الجزء من النعل الخارجي الذي يتلامس مع الأرض. مادة الجلد مرئية وقابلة للمس على السطح، وتغطي المطاط/البلاستيك الموجود تحتها بالكامل.,,
N361016,"The item concerned is referred to as the “H-Mod CEP Kit,” SKU # 807-00034-001.A2. This item is an electrical wiring assembly which consists of two insulated wires, a printed circuit board assembly and electrical connectors. This assembly is used in the production of aviation headsets which are installed within aviation helmets. The CEP Kit routes intercom and radio audio signals from the helmet’s internal communication wiring—feeding the ear-cup speakers—into a communication ear plug kit which consists of miniature transducers worn in the pilot’s ear canal. The item concerned incorporates a voltage divider or attenuation network, facilitates proper impedance matching, and amplifies the incoming signal from the headset to the in ear transducers.","L'article en question est désigné sous le nom de « kit CEP H-Mod », référence SKU n° 807-00034-001.A2. Cet article est un ensemble de câblage électrique composé de deux fils isolés, d'un ensemble de carte à circuits imprimés et de connecteurs électriques. Cet ensemble est utilisé dans la fabrication de casques audio aéronautiques installés dans des casques de vol. Le kit CEP achemine les signaux audio de l'interphone et de la radio depuis le câblage de communication interne du casque — alimentant les haut-parleurs des oreillettes — vers un kit d'écouteurs de communication composé de transducteurs miniatures portés dans le conduit auditif du pilote. L'article en question intègre un diviseur de tension ou un réseau d'atténuation, facilite l'adaptation correcte d'impédance et amplifie le signal entrant du casque vers les transducteurs intra-auriculaires.","يُشار إلى البند المعني باسم ""طقم H-Mod CEP""، رقم الصنف (SKU) # 807-00034-001.A2. يتكون هذا البند من تجميع أسلاك كهربائية يشمل سلكين معزولين، وتجميع لوحة دوائر مطبوعة، وموصلات كهربائية. يُستخدم هذا التجميع في إنتاج سماعات رأس للطيران تُركَّب داخل خوذات الطيران. يقوم طقم CEP بتوجيه إشارات الصوت من جهاز الاتصال الداخلي والراديو من الأسلاك الكهربائية الداخلية للخوذة - والتي تغذي مكبرات الصوت في أغطية الأذن - إلى طقم سدادات أذن للاتصالات يتكون من محولات دقيقة تُلبس في قناة أذن الطيار. يتضمن البند المعني مقسم جهد أو شبكة تخميد، وييسر مطابقة المعاوقة المناسبة، ويضخم الإشارة الواردة من سماعة الرأس إلى المحولات داخل الأذن.",,
N357802,"The subject product is described as dimethyl sulfoxide (DMSO), CAS No. 67-68-5, imported in bulk form. The provided safety data sheet (SDS) indicates that it is commonly used as an organic solvent and contains a minimum purity level of 99.5 percent.","Le produit en question est décrit comme étant du diméthylsulfoxyde (DMSO), numéro CAS 67-68-5, importé sous forme de vrac. La fiche de données de sécurité (FDS) fournie indique qu'il est couramment utilisé comme solvant organique et qu'il présente un niveau de pureté minimal de 99,5 pour cent.",يُوصف المنتج المعني بأنه ثنائي ميثيل السلفوكسيد (DMSO)، رقم CAS 67-68-5، مستورد على شكل سائبة. تشير ورقة بيانات السلامة (SDS) المقدمة إلى أنه يُستخدم بشكل شائع كمذيب عضوي ويحتوي على حد أدنى لنقاء يبلغ 99.5 في المائة.,,
N358771,"The product under consideration is described as a lipstick container, model number LPNR001, constructed from an injection-molded plastic. The container will be imported empty. It features a rotational mechanism that raises and lowers the lipstick mass, designed to protect the contents from external impact and contamination, and to facilitate its transport, storage, and use.","Le produit en question est décrit comme un contenant à rouge à lèvres, numéro de modèle LPNR001, fabriqué en plastique moulé par injection. Le contenant sera importé à l'état vide. Il est équipé d'un mécanisme de rotation qui permet de monter et de descendre la masse de rouge à lèvres, conçu pour protéger le contenu contre les chocs et la contamination externes, et pour faciliter son transport, son stockage et son utilisation.",يُوصف المنتج قيد النظر بأنه حاوية أحمر شفاه، رقم الموديل LPNR001، مصنوعة من بلاستيك مُقوالب بالحقن. ستُستورد الحاوية فارغة. تتميز بآلية دوارة ترفع وتخفض كتلة أحمر الشفاه، مصممة لحماية المحتويات من الصدمات الخارجية والتلوث، وتسهيل نقلها وتخزينها واستخدامها.,,
N357752,"The merchandise under consideration is identified by part number 88154 and described as a Wi-Fi controlled extension cord. The subject device is comprised of a length of insulated 16 AWG cable conductor, terminated at one end with a 3-prong plug and three 3-prong receptacles at the other. In the middle of the cable is a Wi-Fi module, which incorporates a manual switch. This module connects to a mobile application allowing the user to turn the flow of power on and off remotely. The power can also be controlled via the manual switch.","La marchandise en question est identifiée par le numéro de pièce 88154 et décrite comme une rallonge électrique contrôlée par Wi-Fi. L'appareil concerné est composé d'une longueur de câble conducteur isolé de calibre 16 AWG, terminé à une extrémité par une prise à trois broches et à l'autre par trois prises à trois broches. Au milieu du câble se trouve un module Wi-Fi, qui intègre un interrupteur manuel. Ce module se connecte à une application mobile permettant à l'utilisateur d'activer et de désactiver le flux d'énergie à distance. L'alimentation peut également être contrôlée via l'interrupteur manuel.",يُعرَّف البند المعروض للدراسة بالرقم القطعي 88154، ويُوصف بأنه مدلك كهربائي قابل للتحكم عبر شبكة واي فاي. يتكون الجهاز المعني من مقطع من سلك موصل معزول بمقاس 16 AWG، ينتهي في أحد طرفيه بمقبس بثلاثة أطراف، وفي الطرف الآخر بثلاثة مقابس بثلاثة أطراف. يوجد في منتصف السلك وحدة واي فاي تتضمن مفتاحاً يدوياً. تتصل هذه الوحدة بتطبيق على الهاتف المحمول، مما يتيح للمستخدم تشغيل أو إيقاف تدفق الطاقة عن بُعد. كما يمكن التحكم في الطاقة أيضاً عبر المفتاح اليدوي.,,
N358796,"The item under consideration has been identified as the C48-1000 Combo Flatbed Trailer. The C48-1000 is not mechanically propelled, and you state is a prototype design for the purposes of evaluation, test marketing, and potential sale. It is constructed with a steel main frame and aluminum flooring/side rails. You state that the liberal use of aluminum components in trailer construction maximizes payload capacity while maintaining structural strength for hauling heavy, oversized, or diverse freight. You state in your request that these trailers are optimized for transporting construction materials (lumber, steel pipes, beams), machinery, and agricultural equipment, offering the durability of steel with the weight savings and corrosion resistance of aluminum.","L'article en question a été identifié comme la remorque plate-forme combinée C48-1000. La C48-1000 n'est pas à propulsion mécanique, et vous déclarez qu'il s'agit d'un modèle prototype à des fins d'évaluation, de test marketing et de vente potentielle. Elle est constituée d'un châssis principal en acier et d'un plancher et de rails latéraux en aluminium. Vous déclarez que l'utilisation généreuse de composants en aluminium dans la construction de la remorque maximise la capacité de charge utile tout en maintenant la résistance structurelle nécessaire au transport de marchandises lourdes, surdimensionnées ou diverses. Vous déclarez dans votre demande que ces remorques sont optimisées pour le transport de matériaux de construction (bois, tuyaux en acier, poutres), de machines et d'équipements agricoles, offrant la durabilité de l'acier avec les avantages en termes de poids et de résistance à la corrosion de l'aluminium.",تم تحديد البند قيد النظر على أنه مقطورة مسطحة مجمعة من طراز C48-1000. لا تعمل مقطورة C48-1000 بدفع ميكانيكي، وتؤكد أنها تصميم نموذجي لأغراض التقييم والتسويق التجريبي والإمكانية للبيع. وهي مبنية بإطار رئيسي من الفولاذ وأرضية وسكك جانبية من الألومنيوم. تؤكد أن الاستخدام السخي لمكونات الألومنيوم في بناء المقطورة يعظم سعة الحمولة مع الحفاظ على القوة الهيكلية لنقل البضائع الثقيلة أو الكبيرة الحجم أو المتنوعة. تؤكد في طلبك أن هذه المقاطير مُحسَّنة لنقل مواد البناء (الخشب، أنابيب الفولاذ، الجسور)، والآلات، والمعدات الزراعية، حيث توفر متانة الفولاذ مع توفير الوزن ومقاومة التآكل التي يتمتع بها الألومنيوم.,,
N359114,"The article identified as a “sauna hat” is constructed of 100 percent merino wool felt fabric. The hat is manufactured by felting loose wool fibers through heat, moisture and mechanical action to create a nonwoven felt material. The finished article is a seamless head covering designed to be worn during sauna use to protect the scalp and hair from heat exposure.","L’article identifié comme « chapeau de sauna » est fabriqué en feutre de laine mérinos à 100 %. Le chapeau est produit par feutrage de fibres de laine lâches au moyen de la chaleur, de l’humidité et d’une action mécanique, afin de créer un matériau feutré non tissé. L’article fini est un couvre-chef sans couture conçu pour être porté lors de l’utilisation d’un sauna, afin de protéger le cuir chevelu et les cheveux de l’exposition à la chaleur.","المُصنَّف المُعرَّف باسم ""قبعة الساونا"" مصنوع من قماش الصوف الميرينو بنسبة 100٪. يتم تصنيع القبعة عن طريق تحويل ألياف الصوف المتناثرة إلى مادة صوفية غير منسوجة باستخدام الحرارة والرطوبة والإجراء الميكانيكي. المنتج النهائي هو غطاء رأس بدون درزات مصمم لارتدائه أثناء استخدام الساونا لحماية فروة الرأس والشعر من التعرض للحرارة.",,
N361402,The long sleeves and hem bottom are raw and unfinished.,Les manches longues et le bas de l'ourlet sont bruts et non finis.,الأكمام الطويلة والحواف السفلية غير مكتملة وغير منتهية.,,
N361188,"Thestake puller consists of a rigid steel frame incorporating a screw-driven linear lifting mechanism using athreaded rod and corresponding nut assembly. Rotation of the threaded rod causes a movable carriage totravel vertically along the frame, applying a controlled pulling force to extract the embedded object.The stake puller is powered by an external portable impact wrench, not included with importation, whichengages the threaded rod assembly. The stake puller incorporates thrust bearings, bushings, interchangeabletool-holding plates for different impact wrench types, and a ground support base for stabilization duringoperation.","L'extracteur de piquets se compose d'un cadre en acier rigide intégrant un mécanisme de levage linéaire à commande par vis, utilisant une tige filetée et un ensemble de noix correspondant. La rotation de la tige filetée fait se déplacer un chariot mobile verticalement le long du cadre, appliquant une force de traction contrôlée pour extraire l'objet enfoncé. L'extracteur de piquets est alimenté par une clé à choc portable externe, non incluse dans l'importation, qui s'engage sur l'ensemble de la tige filetée. L'extracteur de piquets incorpore des roulements à billes, des douilles, des plaques de maintien d'outil interchangeables pour différents types de clés à choc et une base de support au sol pour la stabilisation pendant le fonctionnement.",يتكون جهاز إزالة الأوتاد من إطار فولاذي صلب يتضمن آلية رفع خطية تعمل بالبرغي باستخدام قضيب مسمار وصامولة مقابلة. يؤدي تدوير القضيب المسمار إلى تحرك عربة متحركة عمودياً على طول الإطار، مما يطبق قوة شد مضبوطة لاستخراج الجسم المغمور. يعمل جهاز إزالة الأوتاد بواسطة مفتاح صدم محمول خارجي، غير مشمول بالاستيراد، والذي يتفاعل مع تجميع القضيب المسمار. يتضمن جهاز إزالة الأوتاد محامل دفع، وأكمام، وألواح قابلة للتبديل لحمل الأدوات لأنواع مختلفة من مفاتيح الصدم، وقاعدة دعم أرضية للتثبيت أثناء التشغيل.,,
N359919,"The merchandise is identified as 14"" Dash family size countertop skillet, which is a round electric skillet with sloped sides (with 6 - quart capacity) designed for domestic use. The provided pictures show that this skillet consists of a ceramic non-stick cooking surface with two side-handles, removable temperature control, feet/base, and a glass lid.","La marchandise est identifiée comme une poêle électrique de comptoir de 14 pouces, format familial, ronde, à bords inclinés (capacité de 6 pintes), conçue pour un usage domestique. Les images fournies montrent que cette poêle se compose d'une surface de cuisson en céramique antiadhésive, de deux poignées latérales, d'un régulateur de température amovible, de pieds/base et d'un couvercle en verre.",يُعرَّف البضاعة على أنها مقلاة عائلية بحجم 14 بوصة للاستخدام على سطح المطبخ، وهي مقلاة كهربائية دائرية ذات جوانب مائلة (بسعة 6 كوارت) مصممة للاستخدام المنزلي. تُظهر الصور المقدمة أن هذه المقلاة تتكون من سطح طهي سيراميك غير لاصق، ومقبضين جانبيين، وتحكم قابل للفصل في درجة الحرارة، وقاعدة/أرجل، وغطاء زجاجي.,,
N359849,"the subject product is identified as Biofran. You state that Biofran is a mineral foliar fertilizer, formulated to provide nitrogen, phosphorus, and potassium for plant nutrition. This product also contains amino acids, humic substances, hydrolyzed proteins, and seaweed extract, which support plant metabolism and crop development. The product is intended exclusively for agricultural plant nutrition purposes and does not contain pesticidal active ingredients or pesticidal claims. The provided photo of the packaging indicates that Biofran will be imported in one-liter plastic containers. Recommended Use: Foliar fertilizer for crop nutrition. Composition Guaranteed Analysis: 3.0% Nitrogen (N), 2.0% Phosphorus (PO), 1.0% Potassium (KO). Main Chemical Components: Urea (Chemical Formula: CHNO, CAS Number: 57-13-6), Phosphoric Acid ( Chemical Formula: HPO, CAS Number: 7664-38-2), Humic Substances (CAS Number: 1415-93-6). Additional Additives: Amino acids, Seaweed extract, Antifreeze agents, Humic substances, Hydrolyzed proteins, Preservatives. Physical and Chemical Properties: Appearance: Brown liquid, Odor: Characteristic, pH: < 5, Density: 1.25 g/mL, Soluble in water.","Le produit en question est identifié comme étant Biofran. Vous déclarez que Biofran est un engrais foliaire minéral, formulé pour fournir de l'azote, du phosphore et du potassium à la nutrition des plantes. Ce produit contient également des acides aminés, des substances humiques, des protéines hydrolysées et de l'extrait d'algues, qui soutiennent le métabolisme des plantes et le développement des cultures. Le produit est destiné exclusivement à la nutrition des plantes agricoles et ne contient pas d'ingrédients actifs pesticides ni de revendications pesticides. La photo fournie de l'emballage indique que Biofran sera importé dans des contenants en plastique d'un litre. Utilisation recommandée : Engrais foliaire pour la nutrition des cultures. Composition Analyse garantie : 3,0 % d'azote (N), 2,0 % de phosphore (PO), 1,0 % de potassium (KO). Principaux composants chimiques : Urée (Formule chimique : CHNO, Numéro CAS : 57-13-6), Acide phosphorique (Formule chimique : HPO, Numéro CAS : 7664-38-2), Substances humiques (Numéro CAS : 1415-93-6). Additifs supplémentaires : Acides aminés, Extrait d'algues, Agents antigel, Substances humiques, Protéines hydrolysées, Conservateurs. Propriétés physiques et chimiques : Apparence : Liquide brun, Odeur : Caractéristique, pH : < 5, Densité : 1,25 g/mL, Soluble dans l'eau.",يُعرَّف المنتج المعني باسم Biofran. توضحون أن Biofran هو سماد ورقي معدني، مُصاغ لتوفير النيتروجين والفوسفور والبوتاسيوم لتغذية النباتات. يحتوي هذا المنتج أيضًا على أحماض أمينية، ومواد دباغية، وبروتينات محلولة، ومستخلص أعشاب بحرية، مما يدعم التمثيل الغذائي للنباتات وتنمية المحاصيل. يُقصد بالمنتج حصريًا لأغراض تغذية النباتات الزراعية، ولا يحتوي على مكونات فعالة مبيدات آفات أو ادعاءات مبيدات آفات. تشير الصورة المرفقة للتغليف إلى أن Biofran سيُستورد في حاويات بلاستيكية سعة لتر واحد. الاستخدام الموصى به: سماد ورقي لتغذية المحاصيل. التركيب والتحليل المضمون: 3.0% نيتروجين (N)، 2.0% فوسفور (PO)، 1.0% بوتاسيوم (KO). المكونات الكيميائية الرئيسية: يوريا (الصيغة الكيميائية: CHNO، رقم CAS: 57-13-6)، حمض الفوسفوريك (الصيغة الكيميائية: HPO، رقم CAS: 7664-38-2)، مواد دباغية (رقم CAS: 1415-93-6). إضافات إضافية: أحماض أمينية، مستخلص أعشاب بحرية، مواد مضادة للتجمد، مواد دباغية، بروتينات محلولة، مواد حافظة. الخصائص الفيزيائية والكيميائية: المظهر: سائل بني، الرائحة: مميزة، الأس الهيدروجيني: < 5، الكثافة: 1.25 غ/مل، قابل للذوبان في الماء.,,
N359403,"Product information and a sample were provided for our review. The product under consideration is approximately 18mm in thickness. The plywood consists of 11 veneers of wood laminated together with the grain of each layer running at a 90-degree angle to the grains of the adjacent layers. No ply exceeds 6mm in thickness. The face and back plies are constructed of gmelina wood (Gmelina arborea, a tropical wood) and the core is constructed of gmelina and eucalyptus woods. The sample provided is covered on one outer ply with a phenolic film and is covered on the other outer ply with MDO, or paper that is impregnated with resin. Both the coating and covering obscure the grain of the wood beneath. We note that you indicate the wood is from Ghana, but you do not indicate where the plywood was manufactured.","Des informations sur le produit et un échantillon ont été fournis pour notre examen. Le produit en question a une épaisseur d'environ 18 mm. Le contreplaqué est constitué de 11 placages de bois laminés ensemble, le sens du fil de chaque couche étant perpendiculaire (à 90 degrés) au sens du fil des couches adjacentes. Aucune plie ne dépasse 6 mm d'épaisseur. Les plies de face et de dos sont constituées de bois de gmelina (Gmelina arborea, un bois tropical) et le noyau est constitué de bois de gmelina et d'eucalyptus. L'échantillon fourni est recouvert d'un film phénolique sur une plie extérieure et de MDO (papier imprégné de résine) sur l'autre plie extérieure. Tant le revêtement que le recouvrement masquent le grain du bois sous-jacent. Nous notons que vous indiquez que le bois provient du Ghana, mais vous ne précisez pas où le contreplaqué a été fabriqué.",تم تقديم معلومات المنتج وعينة لمراجعتنا. المنتج قيد النظر يبلغ سمكه حوالي 18 ملم. يتكون الخشب المضغوط من 11 طبقة من الخشب الرقائقي ملصقة معاً بحيث تكون ألياف كل طبقة على زاوية قائمة (90 درجة) مع ألياف الطبقات المجاورة. لا يتجاوز سمك أي طبقة 6 ملم. تم بناء الطبقتان الخارجية (الوجهية) والخلفية من خشب الجميلينا (Gmelina arborea، وهو خشب استوائي)، بينما تم بناء النواة من خشب الجميلينا وخشب الأوكالبتوس. العينة المقدمة مغطاة بطبقة واحدة خارجية بفيلم فينولي، ومغطاة بالطبقة الخارجية الأخرى بـ MDO، أو ورق مشبع بالراتنج. كل من الطلاء والتغطية يخفيان ألياف الخشب الموجود أسفلهما. نلاحظ أنك تشير إلى أن الخشب من غانا، لكنك لا تشير إلى مكان تصنيع الخشب المضغوط.,,
N359569,"You state that the waxes under under review are applied to hockey sticks, and goalie pads. The products that you are importing into the United States are as follows: a. Sniper Sauce Premium Natural Hockey Wax — Black Cherry. b. Sniper Sauce Premium Natural Hockey Wax — Blue Raspberry. c. Sniper Sauce Premium Natural Hockey Wax — Classy Sasquatch. d. Sniper Sauce Premium Natural Hockey Wax — Cotton Candy. e. Sniper Sauce Premium Natural Hockey Wax — Island Coconut. f. Sniper Sauce Premium Natural Hockey Wax — Juicy Fruit. g. Sniper Sauce Premium Natural Hockey Wax — Monkey Farts. h. Sniper Sauce Slider Sauce Goalie Pad Wax. All of the items are various combinations of beeswax granules (country of origin Canada), hydrogenated soybean wax flakes (country of origin United States), and either fragrance oil (country of origin Canada) or food grade white mineral oil (country of origin United States). You state that to make these ice hockey waxes, the beeswax granules and the soybean wax flakes are measured out to certain proportions and then placed into a commercial wax melter until they are fully melted into a liquid state. Once this is accomplished, the liquid wax is placed into a mixing pot where either the fragrance oil or the mineral oil is added and stirred for two minutes. The mixture is then poured into silicone molds and then left to cool and harden into a solid state. Once this is accomplished, the solidified wax is placed into their labeled aluminum tins for sale to their final purchaser.","Vous indiquez que les cires examinées sont appliquées sur des bâtons de hockey et des protège-épaules de gardien de but. Les produits que vous importez aux États-Unis sont les suivants : a. Sniper Sauce Premium Natural Hockey Wax — Black Cherry. b. Sniper Sauce Premium Natural Hockey Wax — Blue Raspberry. c. Sniper Sauce Premium Natural Hockey Wax — Classy Sasquatch. d. Sniper Sauce Premium Natural Hockey Wax — Cotton Candy. e. Sniper Sauce Premium Natural Hockey Wax — Island Coconut. f. Sniper Sauce Premium Natural Hockey Wax — Juicy Fruit. g. Sniper Sauce Premium Natural Hockey Wax — Monkey Farts. h. Sniper Sauce Slider Sauce Goalie Pad Wax. Tous les articles sont des combinaisons variées de granulés de cire d'abeille (pays d'origine : Canada), de flocons de cire de soja hydrogénée (pays d'origine : États-Unis) et soit d'huile parfumée (pays d'origine : Canada), soit d'huile minérale blanche de qualité alimentaire (pays d'origine : États-Unis). Vous indiquez que, pour fabriquer ces cires de hockey sur glace, les granulés de cire d'abeille et les flocons de cire de soja sont mesurés dans des proportions déterminées, puis placés dans un fondue à cire commerciale jusqu'à ce qu'ils soient complètement fondus en un état liquide. Une fois cela fait, la cire liquide est versée dans un pot de mélange où l'huile parfumée ou l'huile minérale est ajoutée et mélangée pendant deux minutes. Le mélange est ensuite versé dans des moules en silicone et laissé refroidir et durcir en un état solide. Une fois cela accompli, la cire solidifiée est placée dans des boîtes en aluminium étiquetées pour la vente à l'acheteur final.",تُفيد بأن الشموع قيد المراجعة تُطبَّق على عصي الهوكي وواقيات حراس المرمى. المنتجات التي تستوردها إلى الولايات المتحدة هي على النحو التالي: أ. شمع الهوكي الطبيعي الفاخر من سنابر صوص — كرز أسود. ب. شمع الهوكي الطبيعي الفاخر من سنابر صوص — توت أزرق. ج. شمع الهوكي الطبيعي الفاخر من سنابر صوص — ساسكواتش الأنيق. د. شمع الهوكي الطبيعي الفاخر من سنابر صوص — حلوى القطن. هـ. شمع الهوكي الطبيعي الفاخر من سنابر صوص — جوز الهند الاستوائي. و. شمع الهوكي الطبيعي الفاخر من سنابر صوص — فاكهة عصيرية. ز. شمع الهوكي الطبيعي الفاخر من سنابر صوص — غازات القردة. ح. شمع سنابر صوص سلايدر لواقيات حراس المرمى. جميع هذه المنتجات عبارة عن تركيبات متنوعة من حبيبات شمع النحل (بلد المنشأ: كندا)، وقشور شمع فول الصويا المهدرج (بلد المنشأ: الولايات المتحدة)، وإما زيت عطري (بلد المنشأ: كندا) أو زيت معدني أبيض بدرجة غذائية (بلد المنشأ: الولايات المتحدة). تُفيد بأنه لإنتاج هذه شموع الهوكي على الجليد، تُوزن حبيبات شمع النحل وقشور شمع فول الصويا بنسب محددة، ثم تُوضع في آلة صهر شمع تجارية حتى تذوب بالكامل وتتحول إلى حالة سائلة. بمجرد تحقيق ذلك، يُوضع الشمع السائل في قدر خلط حيث يُضاف إما الزيت العطري أو الزيت المعدني ويُحرَّك لمدة دقيقتين. ثم يُصب الخليط في قوالب سيليكون ويُترك ليبرد ويتصلب في حالة صلبة. بعد ذلك، يُوضع الشمع المتصلب في علب ألمنيوم مُعلَّمة للبيع للمشتري النهائي.,,
N348143,"Our response was delayed due to laboratory analysis. The sample was destroyed during this analysis. Style 239375 is a women’s knit sweater stated to be constructed from 71 percent polyester, 18 percent wool, 9 percent metallic, and 2 percent elastane knit fabric. The outer surface of the garment’s fabric measures less than 9 stitches per 2 centimeters measured in the direction the stitches were formed. Style 239375 features a crew neckline, long sleeves with rubbed cuffs, decorative sequins, and a ribbed bottom. The garment extends below the waist.","Notre réponse a été retardée en raison d’une analyse de laboratoire. L’échantillon a été détruit au cours de cette analyse. Le modèle 239375 est un pull tricoté pour femme, déclaré comme étant fabriqué à partir d’un tissu tricoté composé de 71 % de polyester, 18 % de laine, 9 % de fibres métalliques et 2 % d’élasthanne. La surface extérieure du tissu du vêtement présente moins de 9 mailles par 2 centimètres, mesurées dans le sens de formation des mailles. Le modèle 239375 se caractérise par un col rond, des manches longues avec poignets effilochés, des paillettes décoratives et une bordure côtelée en bas. Le vêtement descend en dessous de la taille.",تأخر ردنا بسبب التحليل المخبري. تم تدمير العينة أثناء هذا التحليل. الطراز 239375 هو سترة نسائية محبوكة، يُصرح بأنها مصنوعة من قماش محبوك يتكون من 71٪ بوليستر، و18٪ صوف، و9٪ معدني، و2٪ إيلاستان. يقيس السطح الخارجي لقماش الملابس أقل من 9 غرز لكل سنتيمترين، مقاسة في اتجاه تكوين الغرز. يتميز الطراز 239375 بياقة دائرية، وأكمام طويلة بأطراف ممهدة، وخرزات زخرفية، وقاع محبوك. تمتد الملابس إلى ما أسفل الخصر.,,
N359290,"The items concerned are microphones used on the boom assembly of aviation headsets, (model #’s 2 60-00009-000.A1 Mic, Boom, 5 ohm and 260-00010-000.A1 Mic, Boom, 150 ohm). Each of the microphones is mounted/encased within a GE Cycoloy PC/ABS, grade C1200 HF housing. The function of each is to transmit sound waves from the users voice through the headset. Both the “Mic, Boom, 5 ohm” and the “Mic, Boom, 150 ohm” are used with Lightspeed’s Zulu 3 aviation headset.","Les articles concernés sont des microphones utilisés sur l'ensemble de perche des casques d'aviation (numéros de modèle 2 60-00009-000.A1 Micro, Perche, 5 ohms et 260-00010-000.A1 Micro, Perche, 150 ohms). Chacun de ces microphones est monté/encapsulé dans un boîtier en GE Cycoloy PC/ABS, grade C1200 HF. La fonction de chacun est de transmettre les ondes sonores de la voix de l'utilisateur à travers le casque. Les deux modèles, « Micro, Perche, 5 ohms » et « Micro, Perche, 150 ohms », sont utilisés avec le casque d'aviation Zulu 3 de Lightspeed.","الأصناف المعنية هي ميكروفونات تُستخدم في تجميع الذراع (Boom) لسماعات الرأس الجوية (أرقام النماذج: 260-00009-000.A1 ميكروفون، ذراع، 5 أوم، و260-00010-000.A1 ميكروفون، ذراع، 150 أوم). يُركَّب كل ميكروفون/يُغلف داخل غلاف من مادة GE Cycoloy PC/ABS، الدرجة C1200 HF. وظيفة كل ميكروفون هي نقل الموجات الصوتية من صوت المستخدم عبر سماعة الرأس. يُستخدم كل من ""الميكروفون، الذراع، 5 أوم"" و""الميكروفون، الذراع، 150 أوم"" مع سماعة الرأس الجوية Zulu 3 من شركة Lightspeed.",,
N362258,"Descriptive literature was provided for our review. The merchandise under consideration is the IHT Spirit Heart Rate Monitor (Spirit HRM), a wrist-worn, battery-powered, Bluetooth-enabled wireless wearable health device engineered to monitor and track physical effort. This device features a secure, multi-component plastic housing comprising a top cover, a bottom cover, a sealing rubber gasket, and an adjustable wrist strap, all designed within an IP-rated waterproof enclosure for active use. Internally, its operation is managed by a Main Board containing a Microcontroller Unit (MCU), control circuitry, a rechargeable internal battery, and a digital display screen. Magnetic charger connectors are integrated into the lower casing for recharging. The system incorporates an optical heart rate sensing module (OHR Board) that utilizes photoplethysmography (PPG) technology. It emits light through a dedicated OHR lens via LED emitters into the user’s skin, while photodiode sensors capture backscattered light signals to measure volumetric blood changes. The device calculates and displays real-time physiological and operational metrics, including heart rate (beats per minute), heart rate zone status, minimum/maximum heart rate, elapsed time in active zones, activity goal progress, date/time, and battery depletion status. Wireless data transmission is facilitated by an integrated Bluetooth module. System activation, long-term historical data logging, reporting, and group metric management require pairing with a compatible host smart device running the proprietary Spirit Software Suite, which includes classroom, assessment, and individual platforms. The unit does not support cellular or standard smartphone notifications such as calls, emails, or text alerts.","Une documentation descriptive a été fournie pour notre examen. La marchandise en question est le moniteur de fréquence cardiaque IHT Spirit (Spirit HRM), un dispositif de santé portable sans fil, porté au poignet, alimenté par batterie et doté de la technologie Bluetooth, conçu pour surveiller et suivre l'effort physique. Cet appareil est doté d'un boîtier plastique sécurisé à plusieurs composants, comprenant un couvercle supérieur, un couvercle inférieur, un joint d'étanchéité en caoutchouc et un bracelet de poignet réglable, le tout conçu dans un boîtier étanche classé IP pour un usage actif. Intérieurement, son fonctionnement est géré par une carte principale contenant une unité de microcontrôleur (MCU), des circuits de commande, une batterie interne rechargeable et un écran d'affichage numérique. Des connecteurs de chargeur magnétiques sont intégrés dans le boîtier inférieur pour la recharge. Le système intègre un module de détection de la fréquence cardiaque optique (carte OHR) qui utilise la technologie de photopléthysmographie (PPG). Il émet de la lumière à travers un objectif OHR dédié via des émetteurs LED dans la peau de l'utilisateur, tandis que des capteurs à photodiodes captent les signaux lumineux rétrodiffusés pour mesurer les variations volumétriques du sang. L'appareil calcule et affiche en temps réel des paramètres physiologiques et opérationnels, y compris la fréquence cardiaque (battements par minute), l'état de la zone de fréquence cardiaque, la fréquence cardiaque minimale/maximale, le temps écoulé dans les zones actives, la progression vers les objectifs d'activité, la date/heure et l'état de décharge de la batterie. La transmission de données sans fil est assurée par un module Bluetooth intégré. L'activation du système, l'enregistrement à long terme des données historiques, la génération de rapports et la gestion des indicateurs de groupe nécessitent l'appairage avec un appareil intelligent hôte compatible exécutant la suite logicielle propriétaire Spirit, qui comprend des plateformes pour la salle de classe, l'évaluation et l'individu. L'unité ne prend pas en charge les notifications cellulaires ou les notifications standard des smartphones, telles que les appels, les e-mails ou les alertes de messages texte.",تم توفير أدبيات وصفية لمراجعتنا. البضاعة قيد النظر هي جهاز مراقبة معدل ضربات القلب IHT Spirit (Spirit HRM)، وهو جهاز صحي قابل للارتداء لاسلكي يُلبس على المعصم ويعمل بالبطارية ويدعم تقنية بلوتوث، مصمم لمراقبة وتتبع الجهد البدني. يتميز هذا الجهاز بهيكل بلاستيكي آمن متعدد المكونات يتكون من غطاء علوي، وغطاء سفلي، وحشوة مطاطية محكمة، وحزام معصم قابل للتعديل، وكلها مصممة داخل غلاف مقاوم للماء بتصنيف IP للاستخدام النشط. داخلياً، يُدار تشغيله بواسطة لوحة رئيسية تحتوي على وحدة تحكم دقيقة (MCU)، ودوائر تحكم، وبطارية داخلية قابلة لإعادة الشحن، وشاشة عرض رقمية. تم دمج موصلات شاحن مغناطيسي في الغلاف السفلي لإعادة الشحن. يتضمن النظام وحدة استشعار معدل ضربات القلب البصرية (لوحة OHR) التي تستخدم تقنية قياس النبض الضوئي (PPG). تقوم بإصدار الضوء عبر عدسة OHR مخصصة بواسطة مُصدرات LED إلى جلد المستخدم، بينما تلتقط حساسات الثنائيات الضوئية إشارات الضوء المتناثر للخلف لقياس التغيرات الحجمية في الدم. يحسب الجهاز ويعرض مقاييس فسيولوجية وتشغيلية في الوقت الفعلي، بما في ذلك معدل ضربات القلب (نبضة في الدقيقة)، حالة نطاق معدل ضربات القلب، أدنى/أعلى معدل ضربات القلب، الوقت المنقضي في النطاقات النشطة، تقدم أهداف النشاط، التاريخ/الوقت، وحالة استنزاف البطارية. يتم تسهيل نقل البيانات لاسلكياً بواسطة وحدة بلوتوث مدمجة. تتطلب تفعيل النظام، وتسجيل البيانات التاريخية طويلة المدى، والإبلاغ، وإدارة المقاييس الجماعية الاقتران مع جهاز ذكي مضيف متوافق يعمل بنظام برنامج Spirit الخاص، والذي يتضمن منصات للفصول الدراسية، والتقييم، والأفراد. لا يدعم الوحدة إشعارات الهاتف الخلوي أو الهاتف الذكي القياسية مثل المكالمات، والبريد الإلكتروني، أو تنبيهات الرسائل النصية.,,
N359859,"The request concerns two models of motorized dumpers designed for off-highway applications such as construction, mining, and grounds maintenance. They are low-speed vehicles intended for hauling debris, rocks, dirt, and similar materials short distances at low speeds in rough terrain. The first item under consideration has been identified as an AUSA articulated dumper, model # D601AHG, manufactured by JLG. You state that the dumper body is made of ASTM 572 Grade 50 and AISI 4140 steel in thicknesses ranging from 3 – 12 mm. The dumper body is designed to offer protection to the cab/driver, in that the highest wall of the dumper body faces the driver. This model also has an additional panel extension for further protection. The dumper body is designed so that the floor slopes upward toward the rear. Model D601AHG may be ordered with, or without, a cab. You claim that when a cab is installed, it is half the width of the dumper body. Model D601AHG possesses the following features: Axles bolted directly to the frame No suspension components Hydrostatic brakes Heavy-duty hydraulic service brake Parking brake designed to ensure reliable holding on slopes Maximum speed 15.5 mph. Earth-moving construction tires Tare weight/payload ranges from 1.4 to 1:1.26 (depending on whether the product has a cab or an unenclosed driver's seat) (4,360-4,755 kgs.) Maximum payload 6,000 kgs. (13,227 lbs.) The second item under consideration has been identified as an AUSA articulated dumper, model # D350AHG, manufactured by JLG. You state that the dumper body is made of ASTM A36 and AISI 4140 steel in thicknesses ranging from 3 – 30 mm. The dumper body is designed to offer protection to the driver, in that the highest wall of the dumper body faces the driver. The dumper body is designed so that the floor slopes upward toward the rear. Model D350AHG possesses the following features: Axles are bolted directly to the frame No suspension components Hydrostatic brakes Heavy-duty hydraulic service brake Parking brake designed to ensure reliable holding on slopes Maximum speed 12.4 mph. Earth-moving construction tires Tare weight/payload ratio of the product is 1:1.21 (2,875 kgs) Maximum payload 3,500 kgs.","La demande concerne deux modèles de déchargeurs motorisés articulés conçus pour des applications hors route, telles que le bâtiment, l'exploitation minière et l'entretien des espaces verts. Il s'agit de véhicules à faible vitesse destinés au transport de débris, de roches, de terre et de matériaux similaires sur de courtes distances et à faible vitesse sur des terrains accidentés. Le premier article examiné a été identifié comme un déchargeur articulé AUSA, modèle n° D601AHG, fabriqué par JLG. Vous indiquez que la caisse du déchargeur est en acier ASTM 572 Grade 50 et AISI 4140, avec des épaisseurs allant de 3 à 12 mm. La caisse du déchargeur est conçue pour offrir une protection à la cabine/conducteur, la paroi la plus haute de la caisse faisant face au conducteur. Ce modèle dispose également d'un panneau d'extension supplémentaire pour une protection accrue. La caisse du déchargeur est conçue de manière à ce que le plancher s'incline vers le haut en direction de l'arrière. Le modèle D601AHG peut être commandé avec ou sans cabine. Vous affirmez que lorsqu'une cabine est installée, elle a une largeur égale à la moitié de celle de la caisse du déchargeur. Le modèle D601AHG possède les caractéristiques suivantes : essieux boulonnés directement au châssis ; absence de composants de suspension ; freins hydrostatiques ; frein de service hydraulique haute résistance ; frein de stationnement conçu pour assurer un maintien fiable sur les pentes ; vitesse maximale de 15,5 mph ; pneus de construction pour travaux de terrassement ; rapport poids à vide/charge utile allant de 1,4 à 1:1,26 (selon que le produit est équipé d'une cabine ou d'un siège conducteur non fermé) (4 360 à 4 755 kg) ; charge utile maximale de 6 000 kg (13 227 lb). Le deuxième article examiné a été identifié comme un déchargeur articulé AUSA, modèle n° D350AHG, fabriqué par JLG. Vous indiquez que la caisse du déchargeur est en acier ASTM A36 et AISI 4140, avec des épaisseurs allant de 3 à 30 mm. La caisse du déchargeur est conçue pour offrir une protection au conducteur, la paroi la plus haute de la caisse faisant face au conducteur. La caisse du déchargeur est conçue de manière à ce que le plancher s'incline vers le haut en direction de l'arrière. Le modèle D350AHG possède les caractéristiques suivantes : essieux boulonnés directement au châssis ; absence de composants de suspension ; freins hydrostatiques ; frein de service hydraulique haute résistance ; frein de stationnement conçu pour assurer un maintien fiable sur les pentes ; vitesse maximale de 12,4 mph ; pneus de construction pour travaux de terrassement ; rapport poids à vide/charge utile du produit de 1:1,21 (2 875 kg) ; charge utile maximale de 3 500 kg.","يتعلق الطلب بنموذجين من العربات الناقلة ذاتية الحركة المصممة للتطبيقات خارج الطرق، مثل البناء والتعدين وصيانة المساحات. وهي مركبات منخفضة السرعة مخصصة لنقل الحطام والصخور والتربة ومواد مماثلة لمسافات قصيرة وبسرعات منخفضة على تضاريس وعرة. تم تحديد البند الأول قيد النظر على أنه عربة ناقلة مفصلية من طراز AUSA، موديل رقم D601AHG، من تصنيع شركة JLG. ذكرتَ أن جسم العربة الناقلة مصنوع من الفولاذ ASTM 572 درجة 50 والفولاذ AISI 4140 بسماكات تتراوح من 3 إلى 12 ملم. صُمم جسم العربة الناقلة ليوفر حماية للمقصورة/السائق، حيث تواجه أعلى جدران جسم العربة السائق. كما يحتوي هذا النموذج على لوحة امتداد إضافية لحماية أكبر. صُمم جسم العربة الناقلة بحيث يميل الأرضية صعوداً نحو الخلف. يمكن طلب النموذج D601AHG مع مقصورة أو بدونها. تدّعي أنه عند تركيب مقصورة، فإن عرضها يساوي نصف عرض جسم العربة الناقلة. يتمتع النموذج D601AHG بالخصائص التالية: محاور مثبتة مباشرة على الهيكل بواسطة براغي، لا توجد مكونات تعليق، فرامل هيدروليكية، فرامل خدمة هيدروليكية ثقيلة، فرامل إيقاف مصممة لضمان ثبات موثوق على المنحدرات، السرعة القصوى 15.5 ميل في الساعة، إطارات بناء لنقل التربة، يتراوح وزن الشاحنة الفارغ/حمولة الدفع من 1.4 إلى 1:1.26 (اعتماداً على ما إذا كان المنتج مزوداً بمقصورة أو مقعد سائق مكشوف) (4,360-4,755 كجم)، أقصى حمولة 6,000 كجم (13,227 رطل). تم تحديد البند الثاني قيد النظر على أنه عربة ناقلة مفصلية من طراز AUSA، موديل رقم D350AHG، من تصنيع شركة JLG. ذكرتَ أن جسم العربة الناقلة مصنوع من الفولاذ ASTM A36 والفولاذ AISI 4140 بسماكات تتراوح من 3 إلى 30 ملم. صُمم جسم العربة الناقلة ليوفر حماية للسائق، حيث تواجه أعلى جدران جسم العربة السائق. صُمم جسم العربة الناقلة بحيث يميل الأرضية صعوداً نحو الخلف. يتمتع النموذج D350AHG بالخصائص التالية: محاور مثبتة مباشرة على الهيكل بواسطة براغي، لا توجد مكونات تعليق، فرامل هيدروليكية، فرامل خدمة هيدروليكية ثقيلة، فرامل إيقاف مصممة لضمان ثبات موثوق على المنحدرات، السرعة القصوى 12.4 ميل في الساعة، إطارات بناء لنقل التربة، نسبة وزن الشاحنة الفارغ إلى الحمولة للمنتج هي 1:1.21 (2,875 كجم)، أقصى حمولة 3,500 كجم.",,
N355896,"The merchandise under consideration is referred to as Zurich stone. A sample was submitted with your ruling request and was forwarded to the Customs and Border Protection (CBP) Laboratory for analysis. This analysis has been completed. Zurich is an ivory-colored stone with brown mottling and streaks. From the information you provided, it will measure approximately 300 centimeters wide by 200 centimeters long and either 2 or 3 centimeters thick. After importation, the stone will be cut to size and shape for both indoor and outdoor use in such applications as countertops, wall cladding, surfaces, and flooring. Laboratory analysis has determined that Zurich is an igneous stone comprised predominantly of quartz and alkali feldspars, and meets the geological definition of granite. The top and sides of the stone have been polished and the edges have been beveled.","La marchandise en question est désignée sous le nom de pierre de Zurich. Un échantillon a été soumis avec votre demande de décision et a été transmis au Laboratoire de la Protection frontalière et des douanes (CBP) pour analyse. Cette analyse a été achevée. La pierre de Zurich est une pierre de couleur ivoire présentant des taches et des veines brunes. D'après les informations que vous avez fournies, elle mesurera environ 300 centimètres de large sur 200 centimètres de long et aura une épaisseur de 2 ou 3 centimètres. Après l'importation, la pierre sera taillée aux dimensions et formes requises pour un usage intérieur et extérieur, notamment pour des plans de travail, des revêtements muraux, des surfaces et des sols. L'analyse de laboratoire a déterminé que la pierre de Zurich est une pierre ignée composée principalement de quartz et de feldspaths alcalins, et qu'elle répond à la définition géologique du granit. Les faces supérieure et latérales de la pierre ont été polies et les arêtes ont été chanfreinées.",يُشار إلى البضاعة قيد النظر باسم حجر زيورخ. وقد قُدِّم عينة مع طلبك للحصول على حكم، وأُحيلت إلى مختبر الجمارك وحماية الحدود (CBP) للتحليل. وقد اكتمل هذا التحليل. زيورخ هو حجر بلون العاج يتسم بتبقعات وخطوط بنية. بناءً على المعلومات التي قدمتها، ستكون أبعاده تقريباً 300 سنتيمتر في العرض و200 سنتيمتر في الطول، وسمكه إما 2 أو 3 سنتيمترات. بعد الاستيراد، سيتم قطع الحجر إلى المقاسات والأشكال المناسبة للاستخدام الداخلي والخارجي في تطبيقات مثل أسطح الطاولات، وتكسية الجدران، والأسطح، والأرضيات. وقد حدد التحليل المختبري أن زيورخ حجر ناري يتكون بشكل رئيسي من الكوارتز والفلسبار القلوي، ويستوفي التعريف الجيولوجي للجرانيت. وقد تم صقل الوجه العلوي والجوانب، وتم إزاحة الحواف.,,
N361767,"Photographs and descriptions of the merchandise were included in your inquiry. The articles under consideration are described as aluminum business cards and table signs. Each item is made of aluminum and measures 3.375 inches x 2.125 inches. The table signs and one style of the business cards are printed onto anodized aluminum using laser-ablation. The remaining style of business cards is printed onto polymer coated aluminum using sublimation printing. The table signs are used in a restaurant as ""RESERVED"" signs on a table, or for description of wines, beers, or cocktails on a sampling offering. Each item is imported with the information printed on it at the time of importation.","Des photographies et des descriptions de la marchandise étaient jointes à votre demande. Les articles en question sont décrits comme des cartes de visite et des panneaux de table en aluminium. Chaque article est fabriqué en aluminium et mesure 3,375 pouces x 2,125 pouces. Les panneaux de table et un modèle de cartes de visite sont imprimés sur aluminium anodisé par ablation laser. L'autre modèle de cartes de visite est imprimé sur aluminium revêtu de polymère par impression par sublimation. Les panneaux de table sont utilisés dans un restaurant comme panneaux « RÉSERVÉ » sur une table, ou pour décrire des vins, des bières ou des cocktails lors d'une dégustation. Chaque article est importé avec les informations imprimées dessus au moment de l'importation.","تمت إرفاق صور ووصف للبضائع في استفسارك. تُوصف السلع قيد النظر بأنها بطاقات أعمال ولوحات طاولات من الألومنيوم. كل قطعة مصنوعة من الألومنيوم وتبلغ أبعادها 3.375 بوصة × 2.125 بوصة. تُطبع لوحات الطاولات وأحد نمطي بطاقات الأعمال على الألومنيوم المُعالَج بالأكسدة (أنودايزد) باستخدام تقنية الحفر بالليزر (الاستئصال بالليزر). أما النمط الآخر من بطاقات الأعمال فيُطبع على الألومنيوم المغطى بالبوليمر باستخدام تقنية الطباعة بالتسامي. تُستخدم لوحات الطاولات في المطاعم كإشارات ""محجوز"" على الطاولات، أو لوصف أنواع النبيذ أو البيرة أو المشروبات الكحولية المختلطة في عروض التذوق. يتم استيراد كل قطعة مع المعلومات المطبوعة عليها في وقت الاستيراد.",,
N355895,"The merchandise under consideration is referred to as White Delicatus stone. A sample was submitted with your ruling request and was forwarded to the Customs and Border Protection Laboratory for analysis. This analysis has been completed. White Delicatus is a white, cream, and light gray stone with black streaks and dark reddish-brown flecks. From the information you provided, it will measure approximately 2 meters long by 3 meters high and either 2 or 3 centimeters in thickness. After importation, it will be cut to size and shape for both indoor and outdoor use in such applications as countertops, wall cladding, surfaces, and flooring. Laboratory analysis has determined that White Delicatus is an igneous rock comprised of quartz and albite. The top and sides are polished and the edges are beveled.","La marchandise en question est désignée sous le nom de pierre White Delicatus. Un échantillon a été soumis avec votre demande de décision et a été transmis au Laboratoire de la Protection des frontières et des douanes pour analyse. Cette analyse a été achevée. Le White Delicatus est une pierre blanche, crème et gris clair, présentant des veines noires et des taches brun-rouge foncé. D'après les informations que vous avez fournies, elle mesurera environ 2 mètres de long sur 3 mètres de haut et aura une épaisseur de 2 ou 3 centimètres. Après l'importation, elle sera taillée aux dimensions et formes requises pour un usage intérieur et extérieur, notamment pour des plans de travail, des revêtements muraux, des surfaces et des sols. L'analyse de laboratoire a déterminé que le White Delicatus est une roche ignée composée de quartz et d'albite. Les faces supérieure et latérales sont polies et les arêtes sont chanfreinées.",يُشار إلى البضاعة قيد النظر باسم حجر ديليكاتوس الأبيض. وقد تم تقديم عينة مع طلبك للحصول على حكم جمركي، وتم إحالتها إلى مختبر الجمارك وحماية الحدود للتحليل. وقد اكتمل هذا التحليل. حجر ديليكاتوس الأبيض هو حجر أبيض وكريمي ولون رمادي فاتح مع خطوط سوداء ونقاطات بنية محمرّة داكنة. بناءً على المعلومات التي قدمتها، ستكون أبعاده تقريباً 2 متر في الطول و3 متر في الارتفاع، وسمكه إما 2 أو 3 سنتيمترات. بعد الاستيراد، سيتم قصّه إلى الحجم والشكل المطلوبين للاستخدام الداخلي والخارجي في تطبيقات مثل أسطح الطاولات، وتكسية الجدران، والأسطح، والأرضيات. وقد حدد التحليل المختبري أن حجر ديليكاتوس الأبيض هو صخر ناري يتكون من الكوارتز والألبايت. يتم صقل الوجه العلوي والجوانب، وتكون الحواف مائلة.,,
N359518,"Descriptive literature was provided for our review. The item under consideration is described as the Caleffi SEP4 (5495, NA549_M series), which is a comprehensive separator designed for hot or chilled water systems, integrating hydraulic, air, dirt, and magnetic separation functionalities. This unit enhances hydraulic separation by removing both magnetic and non-magnetic air and dirt, thereby ensuring hydraulic independence between connected primary and secondary circuits. The SEP4 features an internal coalescing element that continuously and automatically eliminates air micro-bubbles while simultaneously removing dirt particles as fine as 5 microns. Its high air discharge capacity automatically removes all air from the system, down to the micro-bubble level. The design also allows it to remove solid impurities without requiring system isolation or shutdown. An added removable external magnet belt on the lower body captures up to 100% of ferrous impurities, including magnetite, commonly found in hydronic systems.","Une documentation descriptive a été fournie pour notre examen. L'article en question est décrit comme le Caleffi SEP4 (séries 5495, NA549_M), un séparateur complet conçu pour les systèmes d'eau chaude ou glacée, intégrant les fonctions de séparation hydraulique, de l'air, des impuretés et magnétique. Cette unité améliore la séparation hydraulique en éliminant à la fois l'air et les impuretés magnétiques et non magnétiques, garantissant ainsi l'indépendance hydraulique entre les circuits primaire et secondaire connectés. Le SEP4 est équipé d'un élément de coalescence interne qui élimine en continu et automatiquement les microbulles d'air tout en retirant simultanément des particules d'impuretés aussi fines que 5 microns. Sa forte capacité de rejet d'air élimine automatiquement tout l'air du système, jusqu'au niveau des microbulles. La conception permet également de retirer les impuretés solides sans nécessiter l'isolement ou l'arrêt du système. Une ceinture magnétique externe amovible ajoutée sur le corps inférieur capture jusqu'à 100 % des impuretés ferreuses, y compris la magnétite, couramment présentes dans les systèmes hydroniques.",تم توفير أدبيات وصفية لمراجعتنا. يُوصف العنصر قيد النظر بأنه فاصل Caleffi SEP4 (سلاسل 5495، NA549_M)، وهو فاصل شامل مصمم لأنظمة المياه الساخنة أو المبردة، يدمج وظائف الفصل الهيدروليكي، والهواء، والأوساخ، والمغناطيسية. تعزز هذه الوحدة الفصل الهيدروليكي من خلال إزالة الهواء والأوساخ المغناطيسية وغير المغناطيسية على حد سواء، مما يضمن الاستقلالية الهيدروليكية بين الدوائر الأولية والثانوية المتصلة. يتميز SEP4 بعنصر تجميع داخلي يزيل فقاعات الهواء الدقيقة بشكل مستمر وتلقائي، مع إزالة جزيئات الأوساخ الدقيقة حتى 5 ميكرون في نفس الوقت. تتيح سعة تفريغ الهواء العالية إزالة جميع الهواء من النظام تلقائياً، حتى مستوى فقاعات الهواء الدقيقة. كما يسمح التصميم بإزالة الشوائب الصلبة دون الحاجة إلى عزل النظام أو إيقاف تشغيله. يلتقط حزام مغناطيسي خارجي قابل للإزالة على الجزء السفلي من الجسم ما يصل إلى 100% من الشوائب الحديدية، بما في ذلك المغنتيت، الشائعة في الأنظمة الهيدروليكية.,,
N359300,"Clozapine, imported in 25 mg, 50 mg, 100 mg, and 200 mg tablets, is an atypical antipsychotic. It is indicated for the treatment of treatment-resistant schizophrenia and to decrease suicide risk in schizophrenic patients. In your letter, you stated the country of origin is Italy and exported from India.","La clozapine, importée sous forme de comprimés de 25 mg, 50 mg, 100 mg et 200 mg, est un antipsychotique atypique. Elle est indiquée dans le traitement de la schizophrénie résistante au traitement et pour réduire le risque de suicide chez les patients schizophrènes. Dans votre lettre, vous avez indiqué que le pays d'origine est l'Italie et que l'exportation s'effectue depuis l'Inde.",كلوزابين، المستورد على شكل أقراص بتركيزات 25 ملغ و50 ملغ و100 ملغ و200 ملغ، هو مضاد للذهان غير نمطي. يُوصف لعلاج الفصام المقاوم للعلاج ولتقليل خطر الانتحار لدى مرضى الفصام. في رسالتكم، أوضحت أن بلد المنشأ هو إيطاليا، وأن التصدير يتم من الهند.,,
N358167,"Style #OEM27-0004, described as “Stuffed Felt Valentine Gift Toppers,” consists of five textile gift toppers intended to enhance the presentation of a present. Each heart-shaped gift topper is composed of 100 percent polyester nonwoven felt dyed fabric stuffed with 100 percent polyester fiberfill. Each heart measures 3 ¼ inches in width by 3 ¼ inches in height and is sewn closed with a lockstitch. A four-inch looped 100 percent polyester woven satin ribbon is attached to the top of each heart, while the heart body is printed with one of the following words in red lettering: XOXO, Hugs, You Rock, Love Ya, or Cutie. Each finished heart-shaped gift topper with ribbon measures 3 1/2 inches in width by 7 inches in height.","Style n° OEM27-0004, décrit comme « Toppers de cadeaux en feutre rembourré pour la Saint-Valentin », se compose de cinq toppers de cadeaux en textile destinés à améliorer la présentation d'un présent. Chaque topper de cadeau en forme de cœur est composé de feutre non tissé en polyester à 100 % teinte, rembourré de fibre de polyester à 100 %. Chaque cœur mesure 3 ¼ pouces de largeur sur 3 ¼ pouces de hauteur et est cousu fermé à l'aide d'un point de sécurité. Un ruban de satin tissé en polyester à 100 % de quatre pouces de long, formant une boucle, est fixé au sommet de chaque cœur, tandis que le corps du cœur est imprimé avec l'un des mots suivants en lettres rouges : XOXO, Hugs, You Rock, Love Ya ou Cutie. Chaque topper de cadeau en forme de cœur fini, avec son ruban, mesure 3 1/2 pouces de largeur sur 7 pouces de hauteur.","النمط رقم OEM27-0004، والموصوف بأنه ""أغطية هدايا عيد الحب المصنوعة من الصوف المحشو""، يتكون من خمسة أغطية هدايا من المنسوجات مخصصة لتعزيز مظهر الهدية. يتكون كل غطاء هدية على شكل قلب من قماش صوف غير منسوج مصبوغ بنسبة 100% من البوليستر، محشو بألياف حشو بنسبة 100% من البوليستر. يبلغ قياس كل قلب 3 ¼ بوصة في العرض و3 ¼ بوصة في الارتفاع، وهو مخيط بإغلاق باستخدام غرزة قفل. يتم تثبيت شريط ساتان منسوج بنسبة 100% من البوليستر بطول أربع بوصات على شكل حلقة في الجزء العلوي من كل قلب، بينما يُطبع جسم القلب بأحمر بأحد الكلمات التالية: XOXO، عناق، أنت رائع، أحبّك، أو حبيبتي. يبلغ قياس كل غطاء هدية مكتمل على شكل قلب مع الشريط 3 ½ بوصة في العرض و7 بوصات في الارتفاع.",,
N363274,"The product concerned is a fixed thick film chip resistor used in surface-mount technology (SMT) applications, part # TFR16GJ273V. This item is an individual passive electronic component consisting of an alumina ceramic substrate, a printed thick-film resistive element, conductive terminal electrodes at both ends, and a protective glass overcoat. The resistive element is laser-trimmed to achieve the specified resistance value. The resistor is designed to provide a predetermined electrical resistance for electronic circuits by limiting current, dividing voltage, and stabilizing circuit operation. It contains no active semiconductor devices or integrated circuits. The product is imported individually for mounting onto printed circuit boards (PCBs) and is used in a wide variety of electronic equipment, including automotive electronics, industrial equipment, communication devices, consumer electronics, and power supplies.","Le produit concerné est une résistance à film épais fixe utilisée dans les applications de technologie de montage en surface (CMS), référence TFR16GJ273V. Cet article est un composant électronique passif individuel composé d'un substrat en céramique d'alumine, d'un élément résistif à film épais imprimé, d'électrodes de terminaison conductrices aux deux extrémités et d'un revêtement protecteur en verre. L'élément résistif est ajusté au laser pour atteindre la valeur de résistance spécifiée. La résistance est conçue pour fournir une résistance électrique prédéterminée aux circuits électroniques en limitant le courant, en divisant la tension et en stabilisant le fonctionnement du circuit. Elle ne contient aucun dispositif à semi-conducteur actif ni circuit intégré. Le produit est importé individuellement pour être monté sur des cartes de circuits imprimés (CCI) et est utilisé dans une grande variété d'équipements électroniques, y compris l'électronique automobile, les équipements industriels, les appareils de communication, l'électronique grand public et les alimentations électriques.",المنتج المعني هو مقاوم شريحة بسماكة عالية ثابت يُستخدم في تطبيقات تقنية التركيب السطحي (SMT)، رقم القطعة TFR16GJ273V. هذا العنصر هو مكوّن إلكتروني سلبي فردي يتكون من ركيزة سيراميك من الألومينا، وعنصر مقاوم مطبوع بسماكة عالية، وأقطاب كهربائية موصلة عند كلا الطرفين، وطبقة حماية زجاجية. يتم تقليم العنصر المقاوم بالليزر لتحقيق قيمة المقاومة المحددة. صُمم المقاوم لتوفير مقاومة كهربائية محددة مسبقًا للدوائر الإلكترونية من خلال تقييد التيار، وتقسيم الجهد، واستabilizing تشغيل الدائرة. لا يحتوي على أي أجهزة أشباه موصلات نشطة أو دوائر متكاملة. يُستورد المنتج بشكل فردي لتركيبه على لوحات الدوائر المطبوعة (PCBs) ويُستخدم في مجموعة واسعة من المعدات الإلكترونية، بما في ذلك إلكترونيات السيارات، والمعدات الصناعية، وأجهزة الاتصالات، والإلكترونيات الاستهلاكية، ومصادر الطاقة.,,
N362222,"A narrative description of the manufacturing process accompanied your letter. You have outlined a scenario in which you plan to import two products, “VitaBio EcoShea™ Partially Refined Shea Butter,” and “VitaBio EcoShea™ Refined Shea Butter.” The products are derived from the kernels of the shea tree (vitellaria paradoxa). Both products are produced beginning with the harvesting of shea fruit which is primarily sourced in Ghana. After the fruit is harvested in Ghana, the fruit pulp is removed, the shea nuts are dried, and the shea kernels are shelled, separated, roasted, and mechanically pressed. The crude shea butter is then produced, packaged, and exported from Ghana to China. In China, the crude shea butter undergoes separate steps to produce each product. To produce the “VitaBio EcoShea™ Partially Refined Shea Butter,” the crude shea butter is melted, washed with water to remove water soluble impurities, filtered to remove insoluble particles, then packaged. To produce the “VitaBio EcoShea™ Refined Shea Butter,” the crude shea butter is melted, washed with water to remove water soluble impurities, filtered to remove insoluble particles, physically decolorized, physically deodorized, cooled, and packaged. You state the products will be imported as a single ingredient vegetable fat and will not be blended with other oils or ingredients prior to importation. You also state that the crude shea butter may also be sourced from other West African countries depending on seasonal availability, however, the harvesting and extraction method remains the same.","Une description narrative du processus de fabrication accompagnait votre lettre. Vous y avez décrit un scénario dans lequel vous prévoyez d'importer deux produits, à savoir le « VitaBio EcoShea™ Beurre de Karité Partiellement Raffiné » et le « VitaBio EcoShea™ Beurre de Karité Raffiné ». Ces produits sont issus des amandes de l'arbre à karité (Vitellaria paradoxa). Les deux produits sont fabriqués à partir de la récolte des fruits de karité, principalement sourcés au Ghana. Après la récolte des fruits au Ghana, la pulpe est retirée, les noix de karité sont séchées, puis les amandes sont décortiquées, triées, torréfiées et pressées mécaniquement. Le beurre de karité brut est ensuite produit, conditionné et exporté du Ghana vers la Chine. En Chine, le beurre de karité brut subit des étapes distinctes pour produire chacun des produits. Pour produire le « VitaBio EcoShea™ Beurre de Karité Partiellement Raffiné », le beurre de karité brut est fondu, lavé à l'eau pour éliminer les impuretés solubles dans l'eau, filtré pour éliminer les particules insolubles, puis conditionné. Pour produire le « VitaBio EcoShea™ Beurre de Karité Raffiné », le beurre de karité brut est fondu, lavé à l'eau pour éliminer les impuretés solubles dans l'eau, filtré pour éliminer les particules insolubles, décoloré physiquement, désodorisé physiquement, refroidi et conditionné. Vous indiquez que les produits seront importés en tant qu'ingrédient unique de graisse végétale et ne seront pas mélangés à d'autres huiles ou ingrédients avant l'importation. Vous précisez également que le beurre de karité brut peut également être sourcé dans d'autres pays d'Afrique de l'Ouest selon la disponibilité saisonnière, bien que la méthode de récolte et d'extraction reste la même.","رفقتاً برسالتكم وصف سردي لعملية التصنيع. لقد أوضحتُم سيناريو تخططون فيه لاستيراد منتجين هما: ""زبدة الشيا المكررة جزئياً VitaBio EcoShea™"" و""زبدة الشيا المكررة VitaBio EcoShea™"". تُشتق هذه المنتجات من بذور شجرة الشيا (فيتيلاريا بارادوكسا). يتم إنتاج كلا المنتجين بدءاً من حصاد ثمار الشيا، والتي تُجلب بشكل أساسي من غانا. بعد حصاد الثمار في غانا، يُزال لب الثمار، وتُجفف جوزات الشيا، ثم تُقشر بذور الشيا وتُفصل وتُحمّص وتُضغط ميكانيكياً. ثم تُنتج زبدة الشيا الخام وتُعبأ وتُصدَّر من غانا إلى الصين. في الصين، تخضع زبدة الشيا الخام لخطوات منفصلة لإنتاج كل منتج. لإنتاج ""زبدة الشيا المكررة جزئياً VitaBio EcoShea™""، تُذاب زبدة الشيا الخام وتُغسل بالماء لإزالة الشوائب القابلة للذوبان في الماء، ثم تُصفّى لإزالة الجسيمات غير القابلة للذوبان، وتُعبأ. لإنتاج ""زبدة الشيا المكررة VitaBio EcoShea™""، تُذاب زبدة الشيا الخام وتُغسل بالماء لإزالة الشوائب القابلة للذوبان في الماء، ثم تُصفّى لإزالة الجسيمات غير القابلة للذوبان، وتُخفف لونها فيزيائياً، وتُخفف رائحتها فيزيائياً، وتُبرَّد، وتُعبأ. توضحون أن المنتجات ستُستورد كمكوّن واحد من الدهون النباتية، ولن تُخلط مع زيوت أو مكونات أخرى قبل الاستيراد. كما توضحون أنه قد يتم أيضاً الحصول على زبدة الشيا الخام من دول أفريقية غربية أخرى اعتماداً على التوفر الموسمي، ومع ذلك، تظل طريقة الحصاد والاستخراج هي نفسها.",,
N361403,"The deep back opening is closed with a single small tab ofhook and loop fastener. The attached cape, sleeves and hem bottom are raw and unfinished.","L'ouverture profonde du dos est fermée par un petit rabat unique à boucle et à velcro. La cape, les manches et le bas de l'ourlet sont bruts et non finis.",يُغلق فتحة الظهر العميقة بواسطة لسان صغير واحد مزود بسحّاب من نوع الخطاف والحلقة. أما الرداء المرفق والأكمام وحافة القاع فغير مكتملة ومفتوحة الأطراف.,,
N360559,"The item under consideration is described as the Lex Aqua closed-loop water treatment system, which is an automated solution engineered to optimize ice rink sustainability by effectively recycling melted snow tank water. This advanced system purifies and treats water, removing minerals and impurities to significantly reduce seasonal water consumption, enhance overall ice quality, and lower energy expenditures. The technology capitalizes on the principle that dissolved minerals separate from ice crystals during freezing, and further aids in mineral separation during the resurfacing process, where heavier minerals are deposited into the snow melting pit. Operating autonomously, the Lex Aqua system performs five critical functions: snow melting, ice-making water filtration and replenishment, heating of treated water, dispensing water to the ice resurfacer, and automated system refilling. The system is completely assembled and imported as a fully functional, ready-to-use industrial system, including mechanical structure, piping, filtration units, pumps, valves, sensors, an electrical control cabinet, and control system programming. The filtration process utilizes various media, including washable stainless steel mesh filters for coarse and medium filtration stages, synthetic polyester filter bags for fine filtration, and fiberglass-based media for fine particle removal.","L'article en question est décrit comme le système de traitement de l'eau en circuit fermé Lex Aqua, une solution automatisée conçue pour optimiser la durabilité des patinoires en recyclant efficacement l'eau des cuves de neige fondue. Ce système avancé purifie et traite l'eau, éliminant les minéraux et les impuretés afin de réduire considérablement la consommation d'eau saisonnière, d'améliorer la qualité globale de la glace et de diminuer les dépenses énergétiques. La technologie exploite le principe selon lequel les minéraux dissous se séparent des cristaux de glace lors de la congélation, et facilite davantage la séparation des minéraux lors du processus de ratissage, où les minéraux plus lourds sont déposés dans la fosse de fonte de la neige. Fonctionnant de manière autonome, le système Lex Aqua remplit cinq fonctions essentielles : la fonte de la neige, la filtration et le renouvellement de l'eau destinée à la fabrication de la glace, le chauffage de l'eau traitée, l'alimentation en eau du ratissage de la glace et le remplissage automatisé du système. Le système est entièrement assemblé et importé en tant que système industriel pleinement fonctionnel, prêt à l'emploi, comprenant la structure mécanique, la tuyauterie, les unités de filtration, les pompes, les vannes, les capteurs, un armoire de contrôle électrique et le programmation du système de contrôle. Le processus de filtration utilise divers médias, y compris des filtres à maille en acier inoxydable lavables pour les étapes de filtration grossière et moyenne, des sacs de filtration en polyester synthétique pour la filtration fine et des médias à base de fibre de verre pour l'élimination des particules fines.",يُوصف البند قيد النظر بأنه نظام ليكس أكوا لمعالجة المياه في حلقة مغلقة، وهو حل آلي مصمم لتحسين استدامة ملاعب الجليد من خلال إعادة تدوير مياه خزان ذوبان الثلج بفعالية. يقوم هذا النظام المتقدم بتنقية المياه ومعالجتها، وإزالة المعادن والشوائب لتقليل استهلاك المياه الموسمي بشكل كبير، وتحسين جودة الجليد بشكل عام، وخفض نفقات الطاقة. تستفيد التقنية من مبدأ أن المعادن الذائبة تنفصل عن بلورات الجليد أثناء التجمد، كما تساهم في فصل المعادن أثناء عملية إعادة تسوية سطح الجليد، حيث تُودع المعادن الأثقل في حفرة ذوبان الثلج. يعمل نظام ليكس أكوا بشكل مستقل ويؤدي خمس وظائف حاسمة: ذوبان الثلج، وتصفية مياه صنع الجليد وإعادة تعبئتها، وتسخين المياه المعالجة، وتوزيع المياه على آلة إعادة تسوية الجليد، وإعادة تعبئة النظام آلياً. يُستورد النظام مجمّعاً بالكامل كنظام صناعي وظيفي بالكامل وجاهز للاستخدام، ويشمل الهيكل الميكانيكي، والأنابيب، ووحدات التصفية، والمضخات، والصمامات، والحساسات، وخزانة التحكم الكهربائية، وبرمجة نظام التحكم. تستخدم عملية التصفية وسائط متنوعة، بما في ذلك مرشحات شبكية من الفولاذ المقاوم للصدأ القابلة للغسل لمراحل التصفية الخشنة والمتوسطة، وأكياس تصفية من البوليستر الصناعي للتصفية الدقيقة، ووسائط مبنية على الألياف الزجاجية لإزالة الجسيمات الدقيقة.,,
N360371,"Sugammadex Injection, imported in 200 mg/2 mL (100 mg/mL), is a selective relaxant binding agent. It is indicated for the reversal of neuromuscular blockades induced by rocuronium bromide and vecuronium bromide in adult and pediatric patients aged 2 years and older undergoing surgery.","Injection de sugammadex, importée en flacons de 200 mg/2 mL (100 mg/mL), est un agent sélectif de liaison des relaxants musculaires. Elle est indiquée pour la réversibilité des blocs neuromusculaires induits par le bromure de rocuronium et le bromure de vécuronium chez les patients adultes et pédiatriques âgés de 2 ans et plus subissant une intervention chirurgicale.",حقن سوغاماديكس، المستورد بتركيز 200 ملغ/2 مل (100 ملغ/مل)، هو عامل ارتباط انتقائي للمواد المرخية للعضلات. يُستخدم لعلاج عكس الشلل العصبي العضلي الناجم عن بروميد الروكورونيوم وبروميد الفيكورونيوم لدى المرضى البالغين والأطفال الذين تتراوح أعمارهم بين سنتين فأكثر أثناء الخضوع للجراحة.,,
N353509,"The merchandise under consideration is referred to as Nero Mist stone. A sample was submitted with your ruling request and was forwarded to the Customs and Border Protection Laboratory for analysis. This analysis has been completed. Nero Mist is a surface-worked dark gray stone mottled with lighter gray patches and white specks. From the information you provided, its measurements upon importation are approximately 120 inches long by 76 inches wide and either 2 or 3 centimeters in thickness. They are designed for applications such as kitchen islands and countertops. Laboratory analysis has determined that the Nero Mist is an other igneous stone.","La marchandise en question est désignée sous le nom de pierre Nero Mist. Un échantillon a été soumis avec votre demande de décision et a été transmis au Laboratoire de la Protection des frontières et du commerce (CBP) pour analyse. Cette analyse a été achevée. Le Nero Mist est une pierre gris foncé travaillée en surface, marquée de taches gris clair et de taches blanches. D'après les informations que vous avez fournies, ses dimensions à l'importation sont d'environ 120 pouces de longueur sur 76 pouces de largeur et d'une épaisseur de 2 ou 3 centimètres. Elles sont conçues pour des applications telles que les îlots de cuisine et les plans de travail. L'analyse de laboratoire a déterminé que le Nero Mist est une autre pierre ignée.",يُشار إلى البضاعة قيد النظر باسم حجر نيرو ماست. وقد تم تقديم عينة مع طلبك للحصول على حكم، وتم إحالتها إلى مختبر الجمارك وحماية الحدود للتحليل. وقد اكتمل هذا التحليل. حجر نيرو ماست هو حجر رمادي داكن مُعالَج السطح، مرقّط ببقع رمادية فاتحة ونقاط بيضاء. بناءً على المعلومات التي قدمتها، فإن أبعاده عند الاستيراد تبلغ حوالي 120 بوصة في الطول و76 بوصة في العرض، وسمكه إما 2 أو 3 سنتيمترات. وهو مصمم لتطبيقات مثل جزر المطابخ وأسطح العمل. وقد حدد التحليل المختبري أن حجر نيرو ماست هو حجر ناري آخر.,,
N358493,"The samples were disposed of after review. The subject merchandise is described as “Korean Red Ginseng Tea Gold,” is composed of 15 percent red ginseng roots, 65 percent glucose, and 20% lactose. The red ginseng roots are washed and then steamed at 60 degrees Celsius for 30 minutes, followed by a second round of steaming at 97 degrees Celsius for 150 minutes. The red ginseng roots, glucose, and lactose are then mixed together, granulated, and machine dried at 60 - 65 degrees Celsius for 6 hours, sifted, and then packaged. The unit size is 3 grams per pouch with 100 individual pouches packaged inside a box for retail sale. The intended use of the product is as a sweetened food preparation for tea.","Les échantillons ont été détruits après examen. La marchandise en cause est décrite comme « Korean Red Ginseng Tea Gold », composée de 15 % de racines de ginseng rouge, de 65 % de glucose et de 20 % de lactose. Les racines de ginseng rouge sont lavées, puis cuites à la vapeur à 60 degrés Celsius pendant 30 minutes, suivies d'une seconde cuisson à la vapeur à 97 degrés Celsius pendant 150 minutes. Les racines de ginseng rouge, le glucose et le lactose sont ensuite mélangés, granulés et séchés par machine à 60 - 65 degrés Celsius pendant 6 heures, tamisés, puis conditionnés. La taille de l'unité est de 3 grammes par sachet, avec 100 sachets individuels conditionnés dans une boîte pour la vente au détail. L'utilisation prévue du produit est celle d'une préparation alimentaire sucrée pour thé.","تم التخلص من العينات بعد المراجعة. يُوصف السلعة المعنية بأنها ""شاي الجنسنغ الأحمر الكوري الذهبي""، ويتكون من 15٪ من جذور الجنسنغ الأحمر، و65٪ من الجلوكوز، و20٪ من اللاكتوز. تُغسل جذور الجنسنغ الأحمر ثم تُبخَّر على حرارة 60 درجة مئوية لمدة 30 دقيقة، تليها دورة ثانية من البخار على حرارة 97 درجة مئوية لمدة 150 دقيقة. ثم تُخلط جذور الجنسنغ الأحمر مع الجلوكوز واللاكتوز، وتُحَبَّب، وتُجفف آلياً على حرارة تتراوح بين 60 و65 درجة مئوية لمدة 6 ساعات، وتُنخ، ثم تُعبأ. حجم الوحدة هو 3 غرامات لكل كيس، مع 100 كيس فردي مُعبأة داخل صندوق للبيع بالتجزئة. الاستخدام المقصود للمنتج هو كإعداد غذائي مُحلّى للشاي.",,
N362917,"The merchandise under consideration is a pre-install cable set referred to as the NXE 3800E Pre-Install Cable Set. The pre-install cable set is further described as a cable set consisting of optical fiber, electrical, and communications cables. The set includes approximately 158 cables or cable bundles and 50 other brackets or connectors which comprise the complete assembly. In use, the pre-install cable set is a component of the NXE 3880E Extreme Ultraviolet semiconductor lithography system. In your request, you describe two scenarios in which the pre-install cable set may be imported. In scenario 1, all items in the pre-install cable set are imported together in a single shipment. In scenario 2, the pre-install cable set is split into two shipments, shipment “A” and shipment “B”. In both scenarios, the cables, brackets, and other components are packed together and will be shipped to a semiconductor manufacturing plant in the United States for incorporation into the NXE 3800E semiconductor lithography system.","La marchandise en question est un ensemble de câbles préinstallés désigné sous le nom d'ensemble de câbles préinstallés NXE 3800E. L'ensemble de câbles préinstallés est décrit plus précisément comme un ensemble de câbles composé de fibres optiques, de câbles électriques et de câbles de communication. L'ensemble comprend environ 158 câbles ou faisceaux de câbles ainsi que 50 autres supports ou connecteurs, constituant l'assemblage complet. En utilisation, l'ensemble de câbles préinstallés est un composant du système de lithographie de semi-conducteurs à ultraviolet extrême NXE 3880E. Dans votre demande, vous décrivez deux scénarios dans lesquels l'ensemble de câbles préinstallés pourrait être importé. Dans le scénario 1, tous les éléments de l'ensemble de câbles préinstallés sont importés ensemble dans une seule expédition. Dans le scénario 2, l'ensemble de câbles préinstallés est divisé en deux expéditions, l'expédition « A » et l'expédition « B ». Dans les deux scénarios, les câbles, les supports et les autres composants sont emballés ensemble et seront expédiés vers une usine de fabrication de semi-conducteurs aux États-Unis pour être intégrés au système de lithographie de semi-conducteurs NXE 3800E.","السلعة قيد النظر هي مجموعة كابلات ما قبل التثبيت تُعرف باسم مجموعة كابلات NXE 3800E ما قبل التثبيت. وتُوصف مجموعة كابلات ما قبل التثبيت بأنها مجموعة كابلات تتكون من كابلات الألياف البصرية والكابلات الكهربائية وكابلات الاتصالات. وتتضمن المجموعة حوالي 158 كابلًا أو حزمة كابلات و50 قوسًا أو وصلة أخرى تشكل التجميع الكامل. وعند الاستخدام، تُعد مجموعة كابلات ما قبل التثبيت مكوّنًا من نظام NXE 3880E لتقنية التصوير الضوئي لأشباه الموصلات بالأشعة فوق البنفسجية القصوى. وفي طلبكم، تصفون سيناريوهين قد يتم فيهما استيراد مجموعة كابلات ما قبل التثبيت. في السيناريو 1، يتم استيراد جميع العناصر في مجموعة كابلات ما قبل التثبيت معًا في شحنة واحدة. وفي السيناريو 2، يتم تقسيم مجموعة كابلات ما قبل التثبيت إلى شحنتين، الشحنة ""أ"" والشحنة ""ب"". وفي كلا السيناريوهين، تُعبأ الكابلات والأقواس والمكونات الأخرى معًا وسيتم شحنها إلى مصنع لإنتاج أشباه الموصلات في الولايات المتحدة لدمجها في نظام NXE 3800E لتقنية التصوير الضوئي لأشباه الموصلات.",,
N362040,"This system consists videoof four mandatory components: a camera for object detection, a computing unit (ADCU) to process theand detect potential hazards, a radio receiver that displays the system status and emits avibrationn audible/alarm in case of danger, and the CollEox in which the power supply and transmitter are -Bhoused.Inaddition, warning device (signal horn, light, etc.) this system can be expanded to include additional si.e. orthe output can be used as a control current for extended applications.Ta safety-relatedhis assembly of components forms a functional unit (Section XVI, Note 4) which acts as assistance system special motion detection and artificial intelligence to detect potential . This system usescollisionhazards at an early stage. It monitors the area around stationary vehicles, such asroadway s/broken-down vehicles, emergency vehicles, or checkpoints, as well as slow-moving vehicles, such as thosemowing grass. It detects when another vehicle is on a collision course.When a risk is identified, the system issues immediate alertan . For example, if a signal horn is being utilized,to warn the oncoming trafficIf the driverdoes not react, the workers at site will get anit will sound . additional warning his proactive warningvia their radio receiver units, allowing them to get to safety.Tcapability significantly reuces the likelihood of accidents and ensures safer conditions during roadside ordhighway operations.The specific configuration of the system addressed in this ruling does not include a horn/siren, but thereceiver unit has the ability to warn the user via a vibration/audible alarm.","Ce système se compose de quatre composants obligatoires : une caméra pour la détection d'objets, une unité de calcul (ADCU) pour traiter et détecter les dangers potentiels, un récepteur radio qui affiche l'état du système et émet une alarme vibratoire/audible en cas de danger, et le boîtier CollEox dans lequel sont logés l'alimentation et l'émetteur. En outre, ce système peut être étendu pour inclure des dispositifs d'avertissement supplémentaires (klaxon, lumière, etc.) ou sa sortie peut être utilisée comme courant de commande pour des applications élargies. Cet assemblage de composants constitue une unité fonctionnelle (Section XVI, Note 4) qui agit comme un système d'assistance spécialisant la détection de mouvement et l'intelligence artificielle pour détecter les dangers potentiels de collision à un stade précoce. Il surveille la zone autour des véhicules stationnaires, tels que les véhicules en panne, les véhicules d'urgence ou les points de contrôle, ainsi que les véhicules à faible vitesse, comme ceux qui tondent l'herbe. Il détecte lorsqu'un autre véhicule est sur une trajectoire de collision. Lorsqu'un risque est identifié, le système émet immédiatement une alerte. Par exemple, si un klaxon est utilisé, il retentit pour avertir le trafic entrant. Si le conducteur ne réagit pas, les travailleurs sur site recevront un avertissement supplémentaire proactif via leurs unités réceptrices radio, leur permettant de se mettre en sécurité. Cette capacité réduit considérablement la probabilité d'accidents et assure des conditions plus sûres lors des opérations routières ou autoroutières. La configuration spécifique du système visée par cette décision ne comprend pas de klaxon/sirène, mais l'unité réceptrice a la capacité d'avertir l'utilisateur par une alarme vibratoire/audible.",يتكون هذا النظام من أربعة مكونات إلزامية: كاميرا لكشف الأجسام، وحدة معالجة (ADCU) لمعالجة وكشف الأخطار المحتملة، مستقبل لاسلكي يعرض حالة النظام ويصدر إنذارًا اهتزازيًا/صوتيًا في حالة وجود خطر، ووحدة CollEox التي تستضيف مصدر الطاقة والمُرسِل. بالإضافة إلى ذلك، يمكن توسيع هذا النظام ليشمل جهاز تحذير إضافيًا (مثل بوق إشارة، ضوء، إلخ)، أو يمكن استخدام المخرج كتيار تحكم لتطبيقات موسعة. يشكل هذا التجميع للمكونات وحدة وظيفية (القسم السادس عشر، ملاحظة 4) تعمل كنظام مساعدة خاص بكشف الحركة والذكاء الاصطناعي لكشف الأخطار المحتملة. يستخدم هذا النظام كشف الحركة والذكاء الاصطناعي لكشف الأخطار المحتملة في مرحلة مبكرة. يراقب المنطقة المحيطة بالمركبات الثابتة، مثل المركبات المعطلة على الطريق، والمركبات الطارئة، أو نقاط التفتيش، وكذلك المركبات البطيئة الحركة، مثل تلك التي تقص العشب. يكشف عندما تكون مركبة أخرى في مسار تصادم. عند تحديد خطر، يصدر النظام تنبيهًا فوريًا. على سبيل المثال، إذا كان بوق الإشارة قيد الاستخدام، فسيصدر صوتًا لتحذير المرور القادم. إذا لم يستجب السائق، فسيحصل العاملون في الموقع على تحذير إضافي عبر وحدات المستقبلات اللاسلكية الخاصة بهم، مما يتيح لهم الانتقال إلى مكان آمن. تقلل هذه القدرة الاستباقية بشكل كبير من احتمالية وقوع الحوادث وتضمن ظروفًا أكثر أمانًا أثناء عمليات الطرق السريعة أو على جانب الطريق. لا تتضمن التهيئة المحددة للنظام المعالج في هذا الحكم بوقًا/صافرة، لكن وحدة المستقبل لديها القدرة على تحذير المستخدم عبر إنذار اهتزازي/صوتي.,,
N363550,"A separate ruling will addressthe battery-powered dental examination lights and integrated lightning systems.The item under consideration is dental loupes, wearable binocular magnification devices used by dentalprofessionals. These loupes provide magnified visualization of the treatment area, enhancing precision,accuracy, and ergonomics during medical examinations and procedures. They are specifically designed andmarketed for dentists, dental hygienists, and dental specialists.","Une décision distincte traitera des lampes d'examen dentaire à pile et des systèmes d'éclairage intégrés. L'article en question est des loupes dentaires, des dispositifs de grossissement binoculaires portables utilisés par les professionnels de la dentisterie. Ces loupes offrent une visualisation agrandie de la zone de traitement, améliorant la précision, l'exactitude et l'ergonomie lors des examens et des procédures médicales. Elles sont spécifiquement conçues et commercialisées pour les dentistes, les hygiénistes dentaires et les spécialistes en dentisterie.",ستتولى رخصة منفصلة معالجة مصابيح فحص الأسنان التي تعمل بالبطاريات وأنظمة الإضاءة المتكاملة. البند قيد النظر هو عدسات مكبرة للأسنان، وهي أجهزة تكبير ثنائية العدسة قابلة للارتداء يستخدمها متخصصو طب الأسنان. توفر هذه العدسات تكبيرًا واضحًا لمنطقة العلاج، مما يعزز الدقة والدقة والراحة أثناء الفحوصات والإجراءات الطبية. وهي مصممة وتسوّق خصيصًا للأسنان وأخصائيي صحة الأسنان ومتخصصي طب الأسنان.,,
N361799,"Item VS-R0800B/Plus, described as a “VistaView Plus Retractable PVC Screen,” is a retractable screen designed to be permanently attached to a framed opening, such as a window, French door, patio slider, or entry door and intended where weather, light, and insect protection is required. The screen consists of a fabric panel integrated into a roll-up assembly on one end, a pull bar attached to the other end, and two guide rails. You state the fabric panel is composed of 72 percent polyvinyl chloride (PVC) and 28 percent polyester woven mesh fabric. Prior to weaving, the 100 percent polyester filament yarn is coated with PVC. The fabric panel is assembled on to a roll tube, inserted into a housing for weather protection, and fully retracts while not in use for an unobstructed view. The screen opens from side to side by gently pulling the handle attached to the pull bar to the desired position. To close the screen, pull the fabric panel across the remainder of the opening and allow the tension system to draw the screen back into the housing. The screen is custom built to cover an opening up to 21 feet 6 inches in width by 12 feet in height and is available in two upgraded mesh options and four customized closure options. You stated that the screen is not imported with mounting brackets. You state the manufacturing operations of the VistaView Plus retractable screen are as follows: Australia: Track guides, zip guides, housing end caps, pull bar end caps, brake arm, brake lever, brake adjuster, brake shoe, brake spring, mesh retainer, steel spring, roller pivot anti-wrinkle with bearing, cap pivot, cap spindle, stainless steel collars, handle bushes, handle A, handle B, handle shaft, track latch single A, latch single B, handle lock, pull bar cap plug straight, and set of screws are produced and shipped to Canada. Japan: Chain Zipper is produced and shipped to Canada. Taiwan: Screws are produced and shipped to Canada. China or Taiwan: 100 percent polyester filament yarn is extruded and shipped to the United States. The United States: Pull bar brake rod and bumpers are produced and shipped to Canada. 100 percent polyester filament yarn from either CN or TW is coated with PVC. 72 percent PVC and 28 percent polyester mesh fabric is woven and shipped to Canada in rolls. Canada: Housing (front and back), pull bar, roll tube, track, receiver, and turn sticker are produced. The fabric, housing, roll tube, and pull bar are cut to size. One side of the fabric is installed onto a pull bar. The other side of the fabric is assembled onto a roll tube and then inserted into the housing. The completed shade is packaged in a carton and shipped to the United States.","L’article VS-R0800B/Plus, décrit comme un « écran rétractable en PVC VistaView Plus », est un écran rétractable conçu pour être fixé de manière permanente à une ouverture encadrée, telle qu’une fenêtre, une porte-fenêtre, une porte coulissante de patio ou une porte d’entrée, et destiné aux endroits où une protection contre les intempéries, la lumière et les insectes est requise. L’écran se compose d’un panneau en tissu intégré à un mécanisme de rouleau à une extrémité, d’une barre de traction fixée à l’autre extrémité et de deux rails de guidage. Vous indiquez que le panneau en tissu est composé d’un tissu en maille tissée de 72 % de chlorure de polyvinyle (PVC) et de 28 % de polyester. Avant le tissage, le fil de polyester à 100 % est enduit de PVC. Le panneau en tissu est assemblé sur un tube de rouleau, inséré dans un boîtier de protection contre les intempéries et se rétracte entièrement lorsqu’il n’est pas utilisé, offrant une vue dégagée. L’écran s’ouvre de gauche à droite en tirant doucement la poignée fixée à la barre de traction jusqu’à la position souhaitée. Pour fermer l’écran, tirez le panneau en tissu sur le reste de l’ouverture et laissez le système de tension ramener l’écran dans le boîtier. L’écran est fabriqué sur mesure pour couvrir une ouverture d’une largeur maximale de 21 pieds 6 pouces et d’une hauteur de 12 pieds, et est disponible en deux options de maille améliorées et quatre options de fermeture personnalisées. Vous avez indiqué que l’écran n’est pas importé avec des supports de fixation. Vous indiquez que les opérations de fabrication de l’écran rétractable VistaView Plus sont les suivantes : Australie : les guides de rail, les guides de fermeture éclair, les bouchons d’extrémité du boîtier, les bouchons d’extrémité de la barre de traction, le bras de frein, la levier de frein, le réglage du frein, la chaussée de frein, le ressort de frein, le mainteneur de maille, le ressort en acier, le pivot de rouleau anti-rides avec roulement, le pivot du capuchon, l’axe du capuchon, les colliers en acier inoxydable, les douilles de poignée, la poignée A, la poignée B, l’axe de la poignée, le verrou de rail simple A, le verrou simple B, le verrou de poignée, le bouchon droit du capuchon de la barre de traction et le jeu de vis sont produits et expédiés au Canada. Japon : la fermeture éclair à chaîne est produite et expédiée au Canada. Taïwan : les vis sont produites et expédiées au Canada. Chine ou Taïwan : le fil de polyester à 100 % est extrudé et expédié aux États-Unis. États-Unis : la tige de frein de la barre de traction et les butées sont produites et expédiées au Canada. Le fil de polyester à 100 % provenant de la Chine (CN) ou de Taïwan (TW) est enduit de PVC. Le tissu en maille de 72 % de PVC et de 28 % de polyester est tissé et expédié au Canada en rouleaux. Canada : le boîtier (avant et arrière), la barre de traction, le tube de rouleau, le rail, le récepteur et l’étiquette de rotation sont produits. Le tissu, le boîtier, le tube de rouleau et la barre de traction sont coupés à la taille. Un côté du tissu est installé sur une barre de traction. L’autre côté du tissu est assemblé sur un tube de rouleau puis inséré dans le boîtier. L’ombrage terminé est emballé dans un carton et expédié aux États-Unis.","المنتج VS-R0800B/Plus، الموصوف بأنه ""شاشة PVC قابلة للسحب VistaView Plus""، عبارة عن شاشة قابلة للسحب مصممة للتثبيت الدائم على فتحة مؤطرة، مثل نافذة أو باب فرنسي أو باب منزلق للتراس أو باب مدخل، ويُقصد بها الاستخدام في الأماكن التي تتطلب حماية من الطقس والضباب والحشرات. تتكون الشاشة من لوحة قماشية مدمجة في تجميع قابل للتمرير في أحد الطرفين، وشريط سحب مثبت في الطرف الآخر، وسكّتي توجيه. توضحون أن اللوحة القماشية تتكون من 72 في المائة من كلوريد البولي فينيل (PVC) و28 في المائة من قماش شبكي منسوج من البوليستر. قبل النسج، تُغلف خيوط الفيلامنت المصنوعة من البوليستر بنسبة 100 في المائة بطبقة من PVC. تُركب اللوحة القماشية على أنبوب لفة، وتُدرج في غلاف للحماية من الطقس، وتُطوى بالكامل عند عدم الاستخدام لتمنح رؤية غير معيقة. تُفتح الشاشة من جانب إلى آخر عن طريق سحب المقبض المثبت على شريط السحب بلطف إلى الموضع المطلوب. لإغلاق الشاشة، اسحب اللوحة القماشية عبر بقية الفتحة واترك نظام الشد يسحب الشاشة مرة أخرى إلى الغلاف. تُصنع الشاشة حسب الطلب لتغطية فتحة بعرض يصل إلى 21 قدماً و6 بوصات وارتفاع 12 قدماً، وهي متاحة بخيارين محسّنين للشبكة وأربعة خيارات مخصصة للإغلاق. أوضحتوا أن الشاشة لا تُستورد مع أقواس التثبيت. توضحون أن عمليات التصنيع لشاشة VistaView Plus القابلة للسحب هي كالتالي: أستراليا: تُنتج وتُشحن إلى كندا: أدلة المسار، أدلة السحّاب، أغطية نهايات الغلاف، أغطية نهايات شريط السحب، ذراع الفرامل، رافعة الفرامل، معدّل الفرامل، حذاء الفرامل، نابض الفرامل، مثبت الشبكة، نابض فولاذي، محور دوران اللفة المضاد للتجاعيد مع محمل، محور الغطاء، عمود الغطاء، حلقات من الفولاذ المقاوم للصدأ، أحزمة المقبض، المقبض أ، المقبض ب، عمود المقبض، قفل المسار المفرد أ، قفل مفرد ب، قفل المقبض، سدادات غطاء شريط السحب المستقيمة، ومجموعة من البراغي. اليابان: يُنتج السحّاب السلسالي ويُشحن إلى كندا. تايوان: تُنتج البراغي وتُشحن إلى كندا. الصين أو تايوان: يُستخرج خيط الفيلامنت المصنوع من البوليستر بنسبة 100 في المائة ويُشحن إلى الولايات المتحدة. الولايات المتحدة: تُنتج قضيب فرامل شريط السحب والمصدات وتُشحن إلى كندا. يُغلف خيط الفيلامنت المصنوع من البوليستر بنسبة 100 في المائة، سواء كان من الصين أو تايوان، بطبقة من PVC. يُنسج قماش الشبكة المكون من 72 في المائة PVC و28 في المائة بوليستر ويُشحن إلى كندا على شكل لفات. كندا: تُنتج الغلاف (الأمامي والخلفي)، وشريط السحب، وأنبوب اللفة، والمسار، والمستقبل، وملصق الدوران. تُقص القماش والغلاف وأنبوب اللفة وشريط السحب إلى المقاس المطلوب. يُركب جانب واحد من القماش على شريط السحب. يُركب الجانب الآخر من القماش على أنبوب اللفة ثم يُدرج في الغلاف. تُعبأ الشاشة المكتملة في صندوق كرتوني وتُشحن إلى الولايات المتحدة.",,
N361648,"The item under consideration has been identified as an automotive timing chain guide assembly, Part number24430-2J000, which is used in the NU PE engine.The subject item is a component of the timing chain system that links the crankshaft and the camshaft of theengine and that synchronizes the reciprocating motion of the pistons with the opening and closing of theintake and exhaust valves.","L'article en question a été identifié comme un ensemble de guide de chaîne de distribution automobile, numéro de pièce 24430-2J000, utilisé dans le moteur NU PE. L'article concerné est un composant du système de chaîne de distribution qui relie le vilebrequin et l'arbre à cames du moteur et qui synchronise le mouvement alternatif des pistons avec l'ouverture et la fermeture des soupapes d'admission et d'échappement.",تم تحديد البند قيد النظر على أنه مجموعة دليل سلسلة التوقيت للسيارات، رقم القطعة 24430-2J000، والتي تُستخدم في محرك NU PE. البند المعني هو مكوّن من نظام سلسلة التوقيت الذي يربط عمود المرفق بعمود الصمامات للمحرك، ويضبط الحركة التبادلية للمكابس مع فتح وإغلاق صمامات السحب والعادم.,,
N362220,"Product information and photos were submitted for our review. The product under consideration is a structural timber frame kit to construct a robust, permanent gazebo. The structure has posts, trusses, and a roof, but no walls. The kit consists of many structural wood members of Douglas fir (a coniferous wood) that are each shaped with mortise and tenon joinery. The kit includes oak (a non-coniferous wood) pegs for assembly, steel hardware and connectors for assembly, and engineered plans for assembly. The kit does not include any dimensional lumber.","Les informations et les photographies du produit ont été soumises à notre examen. Le produit en question est un kit de charpente en bois pour la construction d'un gazebo robuste et permanent. La structure comprend des poteaux, des fermes et un toit, mais pas de murs. Le kit se compose de nombreux éléments structurels en bois de sapin de Douglas (bois résineux), chacun étant façonné avec des assemblages à tenon et mortaise. Le kit comprend des chevilles en chêne (bois non résineux) pour l'assemblage, du matériel et des connecteurs en acier pour l'assemblage, ainsi que des plans techniques pour l'assemblage. Le kit ne contient aucun bois de construction dimensionné.",تم تقديم معلومات المنتج والصور لمراجعتنا. المنتج قيد النظر هو طقم هيكل خشبي إنشائي لبناء مظلة دائمة ومتينة. يتكون الهيكل من أعمدة وعوارض وسقف، ولكن دون جدران. يتكون الطقم من العديد من العناصر الخشبية الإنشائية من خشب التنوب دوغلاس (خشب مخروطي) مصممة كلٌّ منها بمفصلات من النوع المسمار والفتحة. يتضمن الطقم مسامير من خشب البلوط (خشب غير مخروطي) للتجميع، ومعدات وموصلات فولاذية للتجميع، ومخططات هندسية للتجميع. لا يتضمن الطقم أي خشب أبعاد قياسية.,,
N358121,"The merchandise under consideration is identified as the Multi-Axis Controller, Part No. 5300027591, which you state is specifically designed for use with various fork trucks. The controller is comprised of an injection molded joystick handle with various electrical switches at the top. Within the joystick base is a control printed circuit board assembly (PCBA), a Hall Effect position sensor, and an electrical connector. In use, the assembly is installed within the lift truck via wired connection. When the user moves the joystick, the sensor and control board send electrical signals that control various functions on the lift truck. These include directional steering, movement of the truck’s lifting mechanism, audio/visual signaling, among others.","La marchandise en question est identifiée comme étant le Contrôleur multi-axes, numéro de pièce 5300027591, que vous indiquez être spécifiquement conçu pour être utilisé avec divers chariots élévateurs. Le contrôleur est composé d'une poignée de joystick moulée par injection, dotée de divers interrupteurs électriques en partie supérieure. À l'intérieur de la base du joystick se trouvent un ensemble de carte de circuit imprimé de commande (PCBA), un capteur de position à effet Hall et un connecteur électrique. En utilisation, l'ensemble est installé dans le chariot élévateur par une connexion filaire. Lorsque l'utilisateur déplace le joystick, le capteur et la carte de commande envoient des signaux électriques qui contrôlent diverses fonctions du chariot élévateur. Celles-ci incluent le guidage directionnel, le déplacement du mécanisme d'élévation du chariot, la signalisation audio/visuelle, entre autres.",يُعرَّف البضاعة قيد النظر بأنها وحدة تحكم متعددة المحاور، رقم القطعة 5300027591، والتي توضح أنها مصممة خصيصاً للاستخدام مع شاحنات الرافعة الشوكية المختلفة. تتكون وحدة التحكم من مقبض عصا تحكم مصبوب بالحقن مزود بمفاتيح كهربائية متنوعة في الجزء العلوي. داخل قاعدة عصا التحكم، توجد مجموعة لوحة دوائر مطبوعة للتحكم (PCBA)، ومستشعر موضع تأثير هول، وموصل كهربائي. عند الاستخدام، يتم تركيب التجميع داخل شاحنة الرفع عبر اتصال سلكي. عندما يحرك المستخدم عصا التحكم، يرسل المستشعر ولوحة التحكم إشارات كهربائية تتحكم في وظائف متنوعة على شاحنة الرفع، بما في ذلك التوجيه الاتجاهي، وتحريك آلية رفع الشاحنة، والإشارات الصوتية/البصرية، وغيرها.,,
N361503,"Detailed description and pictures of the inside pages were provided for our review.The items under consideration are four hardcover books entitled “Dear Mom, You’re the Best,” “Dear Dad,You’re the Best,” “Dear Grandma, You’re the Best,” and “Dear Grandpa, You’re the Best.”Each book contains 32 pages and measures approximately 17 cm by 17 cm by 1 cm.The interior pages feature decorative designs and illustrations.","Une description détaillée et des photographies des pages intérieures ont été fournies pour notre examen. Les articles en question sont quatre livres reliés intitulés « Chère Maman, tu es la meilleure », « Cher Papa, tu es le meilleur », « Chère Grand-mère, tu es la meilleure » et « Cher Grand-père, tu es le meilleur ». Chaque livre contient 32 pages et mesure environ 17 cm x 17 cm x 1 cm. Les pages intérieures présentent des motifs décoratifs et des illustrations.","تم تقديم وصف مفصّل وصور للصفحات الداخلية لمراجعتنا. العناصر قيد النظر هي أربعة كتب بغلاف مقوّى بعنوان ""يا أمي، أنتِ الأفضل""، و""يا أبي، أنتَ الأفضل""، و""يا جدتي، أنتِ الأفضل""، و""يا جدي، أنتَ الأفضل"". يحتوي كل كتاب على 32 صفحة، ويبلغ حجمه تقريباً 17 سم × 17 سم × 1 سم. تتميز الصفحات الداخلية بتصاميم زخرفية ورسوم توضيحية.",,
